readout_id,TF_A,TF_B,TF_C,TF_D,TF_E,TF_F,TF_G,TF_H,TF_I,TF_J
cDAP_1,0,0,0,0,0,0,0,0,4.94064,0
cDAP_2,0,0,0,0,0,0,0,0,6.97581,0
cDAP_3,0,0,0,0,0,0,0,0,5.67926,0
cDAP_4,0,0,0,0,0,0,0,0,4.98522,0
cDAP_5,0,0,0,0,0,0,0,0,5.87784,0
cDAP_6,0,0,0,0,0,0,0,0,3.2513,0
cDAP_7,0,0,0,0,0,0,0,0,5.28647,0
cDAP_8,0,0,0,0,0,0,0,0,9.2832,0
cDAP_9,0,0,0,0,0,0,0,0,12.9385,0
cDAP_10,0,0,0,0,0,0,0,0,16.2189,0
cDAP_11,0,0,0,1.47245,0,0,0,0,15.3006,0
cDAP_12,0,0,0,3.24424,0,0,0,0,14.5072,0
cDAP_13,0,0,0,3.2654,0,0,0,0,12.9094,0
cDAP_14,0,0,0,3.42937,0,0,0,0,10.6321,0
cDAP_15,0,0,0,3.1091,0,0,0,0,9.00862,0
cDAP_16,0,0,0,3.19608,0,0,0,0,7.20884,0
cDAP_17,0,0,0,3.55867,0,0,0,0,6.98121,0
cDAP_18,0,0,0,3.82078,0,0,0,0,5.94572,0
cDAP_19,0,0,0,4.37083,0,0,0,0,6.78701,0
cDAP_20,0,0,0,0.878398,0,0,0,0,5.04634,0
cDAP_21,0,0,0,0.404163,0,0,0,0,3.36038,0
cDAP_22,0,0,0,0.326012,0,0,0,0,3.32019,0
cDAP_23,0,0,0,2.15363,0,0,0,0,1.67442,0
cDAP_24,0,0,0,2.20711,0,0,0,0,0,0
cDAP_25,0,0,0,2.20595,0,0,0,0,0,0
cDAP_26,0,0,0,2.0843,0,0,0,0,0,0
cDAP_27,0,0,0,2.4034,0,0,0,0,0,0
cDAP_28,0,0,0,0.894887,0,0,0,0,0,0
cDAP_29,0,0,0,1.58891,0,0,0,0,0,0
cDAP_30,0,0,0,2.85648,0,0,0,0,0,0
cDAP_31,0,0,0,0.775581,0,0,0,0,0,0
cDAP_32,0,0,0,0.622782,0,0,0,0,0,0
cDAP_33,0,0,0,0,0,0,0,0,0,0
cDAP_34,0,0,0,0,0,0,0,0,0,0
cDAP_35,0,0,0,0.407667,0,0,0,0,0,0
cDAP_36,0,0,0,0.398838,0,0,0,0,0,0
cDAP_37,0,0,0,0,0,0,0,0,0,0
cDAP_38,0,0,0,0,0,0,0,0,0,0
cDAP_39,0,0,0,0,0,0,0,0,0,0
cDAP_40,0,0,0,0,0,0,0,0,0,0
cDAP_41,0,0,0,0,0,0,0,0,0,0
cDAP_42,0,0,0,0.449849,0,0,0,0,0,0
cDAP_43,0,0,0,0,0,0,0,0,0,0
cDAP_44,0,0,0,0,0,0,0,0,0,0
cDAP_45,0,0,0,0,0,0,0,1.55374,0,0
cDAP_46,0,0,0,0,0,0,0,2.3902,0,0
cDAP_47,0,0,0,0.526179,0,0,0,3.21753,0,0
cDAP_48,0,0,0,0.945759,0,0,0,3.19739,0,0
cDAP_49,0,0,0,1.48581,0,0,0,3.77602,0,0
cDAP_50,0,0,0,0.715976,0,0,0,3.43035,0,0
cDAP_51,0,0,0,0,0,0,0,4.08816,0,0
cDAP_52,0,0,0,0.796463,0,0,0,5.49192,0,0
cDAP_53,0,0,0,2.09869,0,0,0,7.69578,0,0
cDAP_54,0,0,0,1.2642,0,0,0,9.53792,0.485977,0
cDAP_55,0,0,0,1.22188,0,0,0,11.2987,1.94768,0
cDAP_56,0,0,0,0,0,0,0,11.8188,2.41747,0
cDAP_57,0,0,0,0,0,0,0,11.6472,0,0
cDAP_58,0,0,0,0,0,0,0,11.9796,0,0
cDAP_59,0,0,0,0,0,0,0,13.5008,1.10876,0
cDAP_60,0,0,0,0,0,0,0,13.6636,0.833173,0
cDAP_61,0,0,0,0,0,0,0,14.6083,0,0
cDAP_62,0,0,0,0,0,0,0,14.6039,0,0
cDAP_63,0,0,0,0,0,0,0,14.4141,0,0
cDAP_64,0,0,0,0,0,0,0,14.8888,0,0
cDAP_65,0,0,0,0,0,0,0,14.8369,0,0
cDAP_66,0,0,0,0,0,0,0,14.8731,0,0
cDAP_67,0,0,0,0,0,0,0,14.6675,0,0
cDAP_68,0,0,0,0,0,0,0,13.9693,0,0
cDAP_69,0,0,0,0,0,0,0,13.7139,0,0
cDAP_70,0,0,0,0,0,0,0,14.1728,0,0
cDAP_71,0,0,0,0,0,0,0,14.4486,0,0
cDAP_72,0,0,0,0,0,0,0,14.1164,0,0
cDAP_73,0.528144,0.0664628,0,0,0,0,0,14.833,0.622434,0
cDAP_74,0.714703,0.507204,0,0,0,0,0,15.1607,0.0199197,0
cDAP_75,1.46497,1.12424,0,0,0,0,0,16.5054,0.636957,0
cDAP_76,1.60846,0.391869,0,0,0,0,0,16.7201,0.636957,0
cDAP_77,2.05122,0.303721,0,0,0,0,0,16.2658,0.0712554,0
cDAP_78,2.36074,0,0,0,0,0,0,16.4286,0,0
cDAP_79,2.89165,1.17394,0,0,0,0,0,17.1495,0,0
cDAP_80,3.32213,0,0,0,0,0,0,17.7304,0.0601107,0
cDAP_81,3.2217,0.326238,0,0,0,0,0,18.223,0.236407,0
cDAP_82,3.61938,1.70283,0,0,0,0,0,19.2852,0,0
cDAP_83,5.05632,2.18202,0,0,0,0,0,20.657,0.111446,0
cDAP_84,4.28351,2.25891,0,0,0,0,0,20.5508,1.43029,0
cDAP_85,5.16902,2.86469,0,0,0,0,0,21.3734,1.60659,0
cDAP_86,4.82669,2.60024,0,0,0,0,0,21.1971,1.10337,0
cDAP_87,4.88204,2.81498,0,0.10347,0,0,0,21.64,1.10337,0
cDAP_88,4.35315,2.19795,0,0,0,0,0,21.2761,0.247552,0
cDAP_89,4.88204,2.42395,0,0.0923056,0,0,0,21.9248,1.40462,0
cDAP_90,4.52944,2.24765,0,0.576536,0,0,0,21.5473,2.33406,0
cDAP_91,4.78362,2.42395,0.0911052,1.0831,0,0,0,22.5462,2.59851,0
cDAP_92,4.51918,2.71558,1.06588,1.2259,0,0,0,22.6049,2.72347,0
cDAP_93,4.06818,2.74276,0.346738,0.939126,0,0,0,22.519,2.10643,0
cDAP_94,4.65241,3.3598,1.07984,2.21669,0,0,0,23.7756,2.72347,0
cDAP_95,4.13378,3.43669,1.32592,1.8641,0,0,0,22.9168,3.0872,0
cDAP_96,3.8468,2.83091,1.96646,1.35754,0,0,0,23.3416,3.38846,0
cDAP_97,3.38352,2.47832,1.52572,0.674681,0,0,0,22.8308,2.70894,0
cDAP_98,3.53929,2.8581,1.75785,0.575369,0,0,0,22.6862,2.77142,0
cDAP_99,4.04765,3.24914,3.66993,0.916797,0,0.285588,0,23.1856,2.94772,0
cDAP_100,4.19316,2.34047,4.32443,0.982616,0,0,0,22.6048,3.3996,0
cDAP_101,3.42237,1.67373,3.85137,0,0,0,0,22.6092,2.04057,0
cDAP_102,2.16777,0.516543,3.38786,0,0,0,0,21.9084,0.69268,0
cDAP_103,2.1575,0.340247,5.55999,0,0,0,0,21.7638,2.4266,0
cDAP_104,3.18651,0.681581,7.30973,0,0,0,0,22.1186,3.05478,0
cDAP_105,2.73551,0,8.42848,0,0,0,0,22.1524,2.91529,0
cDAP_106,2.48334,0,9.63538,0,0,0,0,21.5919,2.80148,0
cDAP_107,1.76789,0,10.7681,0.196943,0,0,0,20.9319,1.92,0
cDAP_108,1.14884,0,13.0423,0.0206472,0,0,0,20.5974,1.7437,0
cDAP_109,1.08323,0,14.7318,0.251598,0,0,0,21.5601,1.47926,0
cDAP_110,0.123865,0,15.6001,0.118792,0,0,0,22.9815,1.07533,0
cDAP_111,0,0,17.2294,0,0,0,0,23.2503,0.370143,0
cDAP_112,0,0,19.1789,0,0,0,0,23.2276,0.318807,0
cDAP_113,0,0,20.0193,0,0,0,0,22.8705,0,0
cDAP_114,0,0,21.7227,0.369736,0,0,0,22.7529,0.0398394,0
cDAP_115,0,0,23.6583,0.402062,0,0,0,22.5494,0,0
cDAP_116,0,0,25.8584,1.04026,0,0,0,22.3233,0,0
cDAP_117,0,0,26.3924,1.47983,0,0,0,22.4475,0,0
cDAP_118,0,0,27.1402,1.31353,0,0,0,21.3852,0,0
cDAP_119,0,0,27.5207,0.98327,0,0,0,21.3716,0,0
cDAP_120,0,0,27.8828,1.87475,0,0,0,21.1388,0,0
cDAP_121,0,0,29.4328,2.2385,0,0,0,22.1174,0,0
cDAP_122,0,0,30.9041,2.22734,0,0,0,21.6632,0,0
cDAP_123,0,0,30.445,0.586019,0,0,0,20.2438,0,0
cDAP_124,0,0,30.9276,1.84125,0,0,0,20.1173,0,0
cDAP_125,0,0,31.7445,1.75311,0,0,0,20.4721,0,0
cDAP_126,0,0,32.0508,2.25967,0,0,0,20.9331,0,0
cDAP_127,0,0,32.1948,1.90707,0,0,0,21.7308,0,0
cDAP_128,0,0,32.6913,2.40247,0,0,0,21.984,0,0
cDAP_129,0,0,33.4619,2.3913,0,0,0,22.524,0,0
cDAP_130,0,0,35.5687,2.27083,0,0,0,24.1332,0,0
cDAP_131,0,0,35.2763,2.77739,0,0,0.84073,24.1332,0,0
cDAP_132,0,0,36.2136,2.21618,0,0,2.80073,24.8338,0,0
cDAP_133,0.297587,0,34.9097,1.51099,0,0,3.79109,25.3558,0,0
cDAP_134,0.529228,0,33.9629,0.861628,0,0,5.05308,25.6586,0,0
cDAP_135,0.30785,0,34.7797,1.11491,0,0,7.57706,26.418,0,0
cDAP_136,0.154095,0,32.6634,1.67612,0,0,9.1386,26.375,0,0
cDAP_137,0.0434057,0,31.6424,1.59914,0,0,10.182,26.8428,0,0
cDAP_138,0,0,30.8255,1.10374,0,0,10.0093,26.5829,0,0
cDAP_139,0.260753,0,31.9252,0.818138,0,0,11.7579,26.8203,0,0
cDAP_140,0.17059,0,30.8762,1.66613,0,0,15.1103,26.565,0,0
cDAP_141,0.599052,0,29.7435,2.52528,0,0,16.4218,26.4792,0,0
cDAP_142,1.27143,0,29.1213,2.49295,0,0,18.1281,26.6533,0.275237,0
cDAP_143,1.4908,0,28.5131,3.18697,0,0,22.5698,27.0556,0.804126,0
cDAP_144,1.51132,0,28.3691,2.87904,0,0,24.4875,27.2252,0.440389,0
cDAP_145,2.17344,0,28.2854,2.16386,0,0,26.2325,27.5326,0.88113,0
cDAP_146,1.77375,0,27.6169,1.93291,0,0,27.8012,26.9812,0,0
cDAP_147,3.33989,0,28.5447,2.83672,0,0,30.0787,27.874,1.18577,0
cDAP_148,4.76254,0,29.5885,4.31291,0,0,32.9202,29.0064,1.85414,0
cDAP_149,5.71366,0,28.4514,4.1701,0,0,34.1858,29.0878,1.3141,0
cDAP_150,6.31017,0,28.3816,4.01614,0,0,35.7968,29.0991,0.950367,0
cDAP_151,7.02965,0,27.7829,5.66745,0,0,39.0574,28.8844,1.81733,0
cDAP_152,7.06245,0,28.3956,5.33719,0,0,40.2313,29.0042,0.472814,0
cDAP_153,7.95823,0,29.0963,5.26021,0,0,43.1888,28.6742,0.083409,0
cDAP_154,8.36214,0,28.7988,6.25217,0,0,47.1619,29.845,1.22933,0
cDAP_155,7.98499,0,26.9191,6.0982,0,0,49.9044,29.2552,0.626821,0
cDAP_156,6.7489,0,25.397,6.3838,0,0,53.6338,28.4619,0,0
cDAP_157,6.59111,0,23.958,5.67979,0,0,58.0332,28.9908,0,0
cDAP_158,7.64687,0,23.1963,7.26645,0,0,64.4456,28.1729,0,0
cDAP_159,7.92158,0,21.3907,6.7164,0,0,68.4079,27.1266,0,0
cDAP_160,7.19184,0,20.6018,6.54011,0,0,72.7966,26.0328,0,0
cDAP_161,7.30253,0,19.5807,6.04471,0,0,75.9268,25.7797,0,0
cDAP_162,7.83142,0,19.3207,4.74599,0,0,78.2358,25.3029,0,0
cDAP_163,8.41767,0,18.592,5.25255,0,0,81.1933,25.1944,0,0
cDAP_164,8.12042,0,17.2183,4.32757,0,0,86.3645,24.4305,0,0
cDAP_165,8.57344,0,17.0604,3.34795,0,0,87.0625,24.0373,0,0
cDAP_166,7.87851,0,15.9328,2.65393,0,0,86.6641,23.1604,0,0
cDAP_167,7.61609,0,15.4458,2.52112,0,0,85.8708,22.74,0,0
cDAP_168,8.37863,0,14.485,2.53229,0,0,83.3081,22.5683,0,0
cDAP_169,7.70826,0,12.5083,1.23239,0,0,80.3821,21.3523,0,0
cDAP_170,8.20435,0,12.6288,1.34287,0,0,76.1274,21.4699,0,0
cDAP_171,8.73525,0,12.2064,1.59615,0,0,73.0853,21.723,0,0
cDAP_172,9.21081,0,12.1785,1.44218,0,0,71.5661,22.5321,0,0
cDAP_173,9.98564,0,12.4848,1.44218,0,0,70.5227,23.0066,0,0
cDAP_174,10.6826,0,12.0764,1.3652,0,0,67.3501,23.4112,0,0
cDAP_175,11.6665,0,11.4358,1.12308,0,0,65.221,24.6316,0,0
cDAP_176,11.644,0,10.4008,1.21123,0,0,63.3528,25.0045,0,0
cDAP_177,11.6317,0,10.9576,2.14737,0,0,61.0545,25.7367,0,0
cDAP_178,11.6973,0,10.0247,2.4888,0,0,56.7963,26.4192,0,0
cDAP_179,11.4984,0,9.65815,2.55461,0,0,52.5309,25.8,0,0
cDAP_180,11.3652,0,9.43998,2.1362,0,0,49.1398,26.4893,0,0
cDAP_181,10.9675,0,8.62314,1.89409,0,0,46.3586,26.8825,0,0
cDAP_182,11.7834,0,8.9941,2.02689,0,0,43.7608,28.1504,0,0
cDAP_183,11.1869,0,7.72256,2.49996,0,0,41.191,27.6713,0,0
cDAP_184,11.4063,0,7.68069,2.7644,0,0,38.1947,28.3967,0,0
cDAP_185,12.1791,0,7.01223,3.29329,0,0,37.4193,28.5143,0,0
cDAP_186,12.5214,0,5.94931,2.56695,0,0,35.8578,27.9313,0,0
cDAP_187,12.8843,0,5.23897,2.0169,0,0,32.6466,28.3088,0,0
cDAP_188,12.6301,0,5.44319,2.51229,0,0,31.2119,27.9607,0,0
cDAP_189,12.9068,0.30839,5.25293,1.93991,0,0,28.0394,27.6127,0,0
cDAP_190,11.8245,0.550318,4.71009,1.41102,0,0,25.4659,26.5459,0,0
cDAP_191,12.3226,0.765059,5.11851,2.14854,0,0,23.1182,26.7358,0,0
cDAP_192,11.9925,0.841949,4.35749,1.79594,0,0,21.2005,25.8205,0,0
cDAP_193,11.6174,1.00699,3.99094,2.35716,0,0,18.9797,25.3029,0,0
cDAP_194,10.8118,0.604691,3.06759,1.74012,0,0,17.0584,24.6158,0,0
cDAP_195,11.066,0.692839,3.25784,1.91642,0,0,15.1901,25.2418,0,0
cDAP_196,11.1008,0.643136,2.80315,2.05922,0,0,13.7518,24.3197,0,0
cDAP_197,10.4038,0.896322,2.51079,1.2224,0,0,11.6191,23.6372,0,0
cDAP_198,10.5022,0.0870606,1.75418,0.496049,0,0,8.36205,23.2305,0,0
cDAP_199,10.7667,1.08388,1.71231,1.17891,0,0,7.14952,22.609,0,0
cDAP_200,9.64954,1.76655,1.12759,1.82827,0,0,5.4081,21.9265,0,0
cDAP_201,8.34583,0.934767,0.292388,1.21123,0,0,3.74764,21.3343,0,0
cDAP_202,7.22867,0,0.116092,1.03493,0,0,3.04964,20.0258,0,0
cDAP_203,7.39471,0.202395,0,1.94874,0,0,1.31181,19.1332,0,0
cDAP_204,6.85152,0,0,2.4553,0,0,0,19.2778,0,0
cDAP_205,7.53417,0.654394,0.180732,4.15128,0,0.138868,0,20.0463,0.567719,0
cDAP_206,7.05861,0.263357,0.705215,4.30525,0,0,0,19.635,1.34653,0
cDAP_207,5.88813,0,0.292388,4.43688,0,0,0,17.9806,2.16215,0
cDAP_208,5.40029,0,0.264474,4.11778,0,0,0,17.6823,2.90415,0
cDAP_209,4.85912,0,0,3.01652,0,0,0,18.4936,2.94096,0
cDAP_210,4.17446,0,0,2.42181,0,0,0,17.445,3.45533,0
cDAP_211,3.27869,0,0,2.0034,0,0,0,17.8314,3.54348,0
cDAP_212,2.94662,0,0,2.33366,0,0,0,17.7116,2.97777,0
cDAP_213,2.01804,0.0532853,0,2.80673,0,0,0,17.9783,3.42966,0
cDAP_214,1.01983,0,0,2.49879,0,0,0,17.958,4.02103,0
cDAP_215,0.644693,0,0,3.64355,0,0,0,17.6167,3.1284,0
cDAP_216,0.413052,0,0.125643,3.97381,0,0,0,18.1681,3.1284,0
cDAP_217,0.148607,0,0.269619,3.37911,0,0,0,19.2958,2.86396,0
cDAP_218,0.490937,0,0.956442,3.21397,0,0,0,20.1998,2.86396,0
cDAP_219,0.290085,0,2.02377,4.22709,0,0,0,20.7241,3.93288,0
cDAP_220,0,0,2.40428,5.06392,0,0,0,22.7354,4.10918,0
cDAP_221,0,0,2.62244,4.56852,0,0,0,23.8744,4.10918,0
cDAP_222,0,0,1.78283,4.16011,0,0,0,23.9556,2.8751,0
cDAP_223,0,0,1.30022,4.9746,0,0,0,24.7036,2.46003,0
cDAP_224,0,0,1.19812,5.22788,0,0,0,25.5444,2.54818,0
cDAP_225,0,0,1.55071,4.67783,0,0,0,27.0043,2.81262,0
cDAP_226,0,0.0420269,1.33254,5.00809,0,0,0,28.0032,2.27259,0
cDAP_227,0.0359031,0.356175,1.64326,6.12053,0,0,0,29.1717,2.32393,0
cDAP_228,0.698022,0,2.07005,6.07704,0,0,0,31.0927,4.46177,0
cDAP_229,1.22893,0,2.14424,6.07704,0,0,0,33.339,3.98422,0
cDAP_230,1.4503,0,1.9819,6.56127,0,0,0,34.991,2.85281,0
cDAP_231,1.65116,0,1.83352,5.71328,0,0,0,35.6057,2.97777,0
cDAP_232,2.45677,0,1.85188,6.00005,0,0,0,36.3877,4.78869,0
cDAP_233,2.24565,0.769729,1.8842,6.75989,0,0,0,36.7538,4.57559,0
cDAP_234,2.13496,0.428395,1.27157,7.01317,0,0,0,36.7222,4.42496,0
cDAP_235,2.75402,1.03417,2.14864,6.52894,0,0,0,37.1516,5.07881,0
cDAP_236,3.41613,0.957284,1.99071,6.38614,0,0,0,38.042,4.71507,0
cDAP_237,5.14006,0.930097,2.40354,8.32423,0,0,0,39.0636,6.04844,0
cDAP_238,5.19541,0.374022,2.70985,8.41238,0,0,0,39.0952,6.61414,0
cDAP_239,6.02557,0,3.20642,8.08212,0,0,0,39.1585,6.13658,0
cDAP_240,5.2425,0,2.99781,6.63942,0,0,0,39.6488,5.51955,0
cDAP_241,5.44134,0,3.11387,6.3973,0,0,0,40.4963,6.08525,0
cDAP_242,5.67298,0,2.82151,5.91307,0,0,0,41.3054,5.28077,0
cDAP_243,6.47658,0.120836,3.79114,5.28604,0,0,0,42.5914,5.59655,0
cDAP_244,6.21213,0.0326876,4.02326,5.36302,0,0,0,42.5303,4.31452,0
cDAP_245,5.79192,0,4.30167,4.79064,0,0,0,42.745,4.16389,0
cDAP_246,5.96821,0.297132,4.98849,2.98536,0,0,0,42.3586,4.10141,0
cDAP_247,5.60334,0.726614,4.37586,3.48075,0,0,0,41.8524,4.10141,0
cDAP_248,6.09943,1.59684,4.51028,3.92149,0,0,0,42.388,4.54215,0
cDAP_249,6.11995,1.73469,4.45445,3.61356,0,0,0,41.6016,4.89474,0
cDAP_250,6.65086,1.73469,3.63761,3.44843,0,0,0,41.3802,3.70086,0
cDAP_251,7.22281,2.26358,3.24755,3.31679,0,0,0,42.2616,4.22975,0
cDAP_252,6.66937,0.633797,2.83913,3.32795,0,0,0,40.9645,3.84035,0
cDAP_253,6.19381,0.595352,2.43071,3.4161,0,0,0,40.3068,3.53909,0
cDAP_254,5.92735,0.771648,2.66724,2.76674,0,0,0,40.2616,3.23783,0
cDAP_255,5.82692,0.733203,2.9596,1.95225,0,0,0,40.0899,1.50391,0
cDAP_256,5.99094,1.30054,3.29824,2.30484,0,0,0,40.4674,1.85651,0
cDAP_257,5.2612,1.12424,2.50931,1.46801,0,0,0,40.8673,1.68021,0
cDAP_258,4.45357,1.12424,1.89668,1.46801,0,0,0,40.3295,1.20266,0
cDAP_259,4.08669,0.617869,2.04506,1.49034,0,0,0,41.0301,1.55525,0
cDAP_260,3.63367,0.226831,1.97087,0.983784,0,0,0,41.012,1.37895,0
cDAP_261,3.25652,0.403127,1.6506,0.994948,0,0,0,43.1183,0.600144,0
cDAP_262,3.398,0,1.78502,0,0,0,0,44.5963,0.952737,0
cDAP_263,2.73386,0.326238,1.17239,0,0,0,0,46.2099,0.952737,0
cDAP_264,2.30338,0.238089,1.20031,0,0,0,0,47.5274,0.148259,0
cDAP_265,2.20296,0.414386,1.97528,0,0,0,0,49.254,0,0
cDAP_266,2.74211,1.11957,2.57836,0.324424,0,0,0,51.0349,0,0
cDAP_267,3.0947,1.25742,2.72674,0.0164898,0,0,0,53.1909,0.18845,0
cDAP_268,2.02263,0.475347,2.57836,0,0,0,0,55.148,0.313411,0
cDAP_269,1.8894,0.563496,2.46229,0,0,0,0,58.9379,0.401559,0
cDAP_270,2.69501,0.662902,2.68487,0,0,0,0,64.1177,1.408,0
cDAP_271,2.66221,0,2.49461,0,0,0,0,67.9527,1.31985,0
cDAP_272,2.76264,0.613199,3.13516,0,0,0,0,73.598,1.62111,0
cDAP_273,3.29152,0.712605,4.07247,0,0.176385,0,0,81.7835,0.956115,0
cDAP_274,4.01925,1.75912,4.79161,0,0.793422,0,0,90.152,1.0956,0
cDAP_275,3.97618,1.92416,4.73138,0,0.528977,0,0,98.5566,0.353602,0
cDAP_276,2.99428,2.72217,4.84303,0,0,0,0,104.179,0.12597,0
cDAP_277,3.85725,2.50742,4.53672,0,0,0,0,108.792,0,0
cDAP_278,3.56,1.29587,3.99387,0,0,0,0,110.243,0,0
cDAP_279,4.33281,1.30713,4.1283,0,0,0.877555,0,110.557,0,0
cDAP_280,3.99048,0.701347,4.24436,0,0,0.357677,0,108.172,0,0
cDAP_281,3.48211,0.398458,4.15621,0,0,0,0,106.629,0,0
cDAP_282,3.3837,0.134013,4.40229,0,0,0,0,105.289,0,0
cDAP_283,3.66043,0.992978,4.31414,0.0823089,0,0,0,105.162,0,0
cDAP_284,3.80593,1.84068,4.16576,0,0,0,0,105.759,0,0
cDAP_285,3.73006,1.48809,3.91527,0,0,0,0,106.71,0,0
cDAP_286,3.64192,1.91757,4.11948,0,0,0,0,107.501,0,0
cDAP_287,3.687,2.3855,4.35161,0,0,0,0,109.223,0,0
cDAP_288,3.95346,2.2092,4.08716,0,0,0,0,110.376,0,0
cDAP_289,4.05388,1.94476,3.92483,0,0,0,0,112.383,0,0
cDAP_290,3.81198,1.9335,3.58619,0,0,0,0,114.023,0,0
cDAP_291,3.29537,1.35491,2.67679,0,0,0,0,115.223,0,0
cDAP_292,3.1867,1.00232,2.11999,0,0,0,0,116.941,0,0
cDAP_293,3.25432,2.11447,2.25001,0,0,0,0,118.789,0,0
cDAP_294,2.94681,2.2298,1.82323,0,0,0,0,120.665,0,0
cDAP_295,2.71517,2.05351,1.44272,0.00182172,0,0,0,122.703,0,0
cDAP_296,2.53887,2.52143,1.67484,0,0,0,0,124.647,0,0
cDAP_297,1.92183,2.24573,1.27597,0.276263,0,0,0,126.821,0,0
cDAP_298,1.61432,1.28736,0.97921,0.242769,0,0,0,128.31,0,0
cDAP_299,1.40522,1.14951,0.612661,1.0461,0,0,0,129.786,0,0
cDAP_300,2.46502,1.89314,0.747086,1.74012,0,0,0,132.143,0,0
cDAP_301,2.66587,1.97003,1.09527,2.46647,0,0,0,135.334,0,0
cDAP_302,3.11889,2.14632,1.28553,2.55461,0,0,0,137.612,0,0
cDAP_303,3.16397,2.27292,2.00026,2.55461,0,0,0,139.675,0,0
cDAP_304,2.96513,1.88188,1.29948,2.29017,0,0,0,140.821,0,0
cDAP_305,3.06556,1.0998,1.1511,2.26784,0,0,0,142.803,0,0
cDAP_306,2.53667,0.444323,0.520107,2.81789,0,0,0,145.969,0,0
cDAP_307,2.78059,0.102989,0,2.74091,0,0,0,148.95,0,0
cDAP_308,1.85402,0,0,1.61731,0,0,0,151.978,0,0
cDAP_309,1.79868,0,0,1.12192,0,0,0,156.509,0,0
cDAP_310,1.74535,0.0307685,0,0.769322,0,0,0,155.707,0,0
cDAP_311,2.21065,0,0,1.01144,0,0,0,152.278,0,0
cDAP_312,1.90112,0,0,1.3417,0,0,0,145.153,0,0
cDAP_313,2.18811,0.548399,0,2.34366,0,0,0,138.084,0,0
cDAP_314,1.84376,0.383361,0,2.27784,0,0,0,130.635,0,0
cDAP_315,1.85604,0.636547,0,1.93641,0,0,0,124.542,0,0
cDAP_316,2.67393,0.812843,0,2.11271,0,0,0,119.656,0,0
cDAP_317,2.61858,0.812843,0,3.1035,0,0,0,114.145,0,0
cDAP_318,3.08187,0.824102,0,4.03963,0,0,0,109.593,0,0
cDAP_319,3.23562,1.08855,0,3.97381,0,0,0,105.523,0,0
cDAP_320,3.66811,0.91225,0,3.13699,0,0,0,101.107,0,0
cDAP_321,4.26261,1.52929,0,3.25863,0,0,0,97.6043,0,0
cDAP_322,4.79352,0.455581,0,2.76324,0,0,0,93.1432,0,0
cDAP_323,4.33023,0.102989,0,2.58694,0,0,0,88.1013,0,0
cDAP_324,4.31997,0.659064,0,3.14815,0,0,0,82.9261,0,0
cDAP_325,4.79553,0,0,3.98498,0,0,0,77.9204,0,0
cDAP_326,4.60897,0,0,3.63239,0,0,0,72.9485,0,0
cDAP_327,3.66811,0,0,4.29291,0,0,0,70.1643,0,0
cDAP_328,4.02272,0,0,4.1936,0,0,0,65.3687,0,0
cDAP_329,4.59669,0,0,4.21593,0,0,0,60.3743,0,0
cDAP_330,4.54336,0,0,2.4653,0,0,0,56.9211,0,0
cDAP_331,4.90823,0.39462,0,3.21397,0,0,0,53.7821,0,0
cDAP_332,4.52082,0.39462,0,3.04884,0,0,0,49.5742,0,0
cDAP_333,4.52284,0,0,2.18969,0,0,0,47.1469,0,0
cDAP_334,5.30591,0,0,1.39752,0,0,0,44.4668,0,0
cDAP_335,4.7893,0,0,0.527207,0,0,0,40.6361,0,0
cDAP_336,4.71343,0,0,0.0976308,0,0,0,37.3095,0,0
cDAP_337,4.29321,0,0,0,0,0,0,34.9817,0,0
cDAP_338,4.80158,0,0,0.262763,0,0,0,33.3162,0,0
cDAP_339,5.61947,0,0,0.285092,0,0,0,32.2518,0,0
cDAP_340,5.07005,0,0,0,0,0,0,29.6935,0,0
cDAP_341,5.41037,0,0,0,0,0,0,28.7602,0,0
cDAP_342,5.4001,0,0,0.504878,0,0,0,27.2551,0,0
cDAP_343,5.24635,0,0,0.900961,0,0,0,25.5352,0,0
cDAP_344,4.78307,0,0,0.218105,0,0,0,23.5374,0,0
cDAP_345,4.89376,0,0,0,0,0,0,22.525,0,0
cDAP_346,4.87525,0,0,0,0,0,0,21.0989,0,0
cDAP_347,5.08434,0,0,0,0,0,0,20.6356,0,0
cDAP_348,4.89779,0,0,0,0,0,0,19.7203,0,0
cDAP_349,5.05154,0,0,0,0,0,0,18.5859,0,0
cDAP_350,4.08393,0,0,0,0,0,0,15.7201,0,0
cDAP_351,3.70678,0,0,0,0,0,0,14.5992,0,0
cDAP_352,4.39144,0,0,0,0,0,0,14.4275,0,0
cDAP_353,4.32382,0,0,0,0,0,0,14.9315,0,0
cDAP_354,3.56127,0,0,0,0,0,0,13.8761,0,0
cDAP_355,3.46084,0,0,0,0,0,0,13.3314,0,0
cDAP_356,3.82571,0,0,0,0,0,0,12.8433,0,0
cDAP_357,3.88106,0,0,0,0,0,0,13.0964,0,0
cDAP_358,3.34191,0,0,0,0,0,0,12.6444,0,0
cDAP_359,3.72932,0,0,0,0,0,0,12.2014,0,0
cDAP_360,3.47514,0,0,0,0,0,0,11.702,0,0
cDAP_361,3.70678,0,0,0,0,0,0,11.7517,0,0
cDAP_362,3.91588,0,0,0,0,0,0,12.5924,0,0
cDAP_363,4.54519,0,0,0,0,0,0,13.6478,0,0
cDAP_364,3.88106,0,0,0,0,0,0,13.6027,0,0
cDAP_365,3.81344,0,0,0,0,0,0,14.2535,0,0
cDAP_366,3.84624,0,0,0,0,0,0,14.9112,0,0
cDAP_367,3.92413,0,0,0,0,0,0,14.6264,0,0
cDAP_368,3.41576,0,0,0,0,0,0,14.5202,0,0
cDAP_369,4.52064,0,0,0,0,0,0,15.2705,0,0
cDAP_370,4.84244,0,0,0,0,0,0,15.379,0,0
cDAP_371,5.72795,0,0,0,0,0,0,15.6637,0,0
cDAP_372,5.82435,0,0,0.118792,0,0,0,16.3124,0,0
cDAP_373,6.96001,0.801585,0,1.50683,0,0,0,17.1804,0,0
cDAP_374,6.52752,2.48107,0,1.68313,0,0,0,17.7996,0,0
cDAP_375,6.88011,2.53077,0,2.27784,0,0,0,17.8109,0,0
cDAP_376,5.45545,2.07877,0,1.89175,0,0,0,17.0741,0,0
cDAP_377,5.57438,4.54033,0,2.50879,0,0,0,17.5013,0,0
cDAP_378,5.01068,3.03714,0,1.42985,0,0,0,17.3183,0,0
cDAP_379,5.38581,3.47789,0,1.87059,0,0,0,17.7093,0,0
cDAP_380,5.9147,3.91863,0,1.98107,0,0,0,18.1432,0.325564,0
cDAP_381,5.43914,3.401,0,1.39752,0,0,0,17.872,0,0
cDAP_382,4.85491,2.96026,0,0.956783,0,0,0,17.4946,0.513005,0
cDAP_383,3.96939,2.74551,0,1.78244,0,0,0,17.9691,0.0354518,0
cDAP_384,3.54918,2.44262,0,2.02456,0,0,0,17.7228,0,0
cDAP_385,3.27246,2.22788,0,2.18969,0,0,0,17.6279,0,0
cDAP_386,2.98547,2.17818,0,1.26472,0,0,0,17.768,0,0
cDAP_387,3.03055,1.78714,0,1.25355,0,0,0,17.0606,0,0
cDAP_388,2.74357,1.39611,0,0.746994,0,0,0,16.8459,0,0
cDAP_389,2.85426,2.25507,0,1.40752,0,0,0,17.099,0,0
cDAP_390,3.02029,3.63167,0,1.49567,0,0,0,17.099,0,0
cDAP_391,1.86007,3.83515,0,1.38519,0,0,0,16.152,0,0
cDAP_392,1.62843,3.87359,0,1.37403,0,0,0,15.1848,0,0
cDAP_393,1.03192,2.96492,0,1.27471,0,0,0,14.0028,0.20837,0
cDAP_394,0.0622884,2.21004,0,0.305085,0,0,0,13.0332,0,0
cDAP_395,0,2.27567,0,0,0,0,0,11.9483,0,0
cDAP_396,0,2.31411,0,0,0,0,0,11.2522,0,0
cDAP_397,0,1.24508,0,0,0,0,0,9.1729,0,0
cDAP_398,0,0.264188,0,0,0,0,0,7.69925,0,0
cDAP_399,0,0,0,0,0,0,0,7.09355,0,0
cDAP_400,0,0,0,0,0,0,0,7.43937,0,0
cDAP_401,0,0,0,0,0,0,0,7.07324,0,0
cDAP_402,0,0,0,0,0,0,0,6.46077,0,0
cDAP_403,0,0,0,0,0,0,0,5.75102,0,0
cDAP_404,0,0,0,0,0,0,0,5.4436,0,0
cDAP_405,0,0,0,0,0,0,0,4.79949,0,0
cDAP_406,0,0,0,0,0,0,0,4.69104,0,0
cDAP_407,0,0,0,0,0,0,0,4.17805,0,0
cDAP_408,0,0,0,0,0,0,0,4.08093,0,0
cDAP_409,0,0,0,0,0,0,0,3.51143,0,0
cDAP_410,0,0,0,0,0,0,0,4.27532,0,0
cDAP_411,0,0,0,0,0,0,0,3.3238,0,0
cDAP_412,0,0,0,0,0,0,0,3.41871,0,0
cDAP_413,0,0,0,0,0,0,0,2.88306,0,0
cDAP_414,0,0,0,0,0,0,0,3.35087,0,0
cDAP_415,0,0,0,0,0,0,0,2.96444,0,0
cDAP_416,0,0,0,0,0,0,0,3.42769,0,0
cDAP_417,0,0,0,0,0,0,0,3.3079,0,0
cDAP_418,0,0,0,0,0,0,0,3.90904,0,0
cDAP_419,0,0,0,0,0,0,0,4.69104,0,0
cDAP_420,0,0,0,0,0,0,0,5.04583,0,0
cDAP_421,0,0,0,0,0,0,0,5.213,0,0
cDAP_422,0,0,0,0,0,0,0,5.45934,0,0
cDAP_423,0,0,0,0,0,0,0,5.71922,0,0
cDAP_424,0,0,0,0,0,0,0,5.69435,0,0
cDAP_425,0,0,0,0,0,0,0,7.23348,0,0
cDAP_426,0,0,0,0,0,0,0,9.24263,0,0
cDAP_427,0,0,0,0,0,0,0,10.6709,0,0
cDAP_428,0,0,0,0,0,0,0,12.1739,0,0
cDAP_429,0.0230664,0,0,0,0,0,0,12.9559,0,0
cDAP_430,0.0148189,0,0,0,0,0,0,13.2247,0,0
cDAP_431,1.46001,0,0,0,0,0,0,14.6689,0,0
cDAP_432,1.64657,0,0,0,0,0,0,14.9899,0,0
cDAP_433,2.08731,0,0,0,0,0,0,15.2973,0,0
cDAP_434,1.08286,0,0,0,0,0,0,15.1933,0,0
cDAP_435,1.17302,0,0,0,0,0,0,15.7514,0,0
cDAP_436,1.01927,0,0,0,0,0,0,15.4237,0,0
cDAP_437,1.70191,0,0,0,0,0,0,16.0972,0,0
cDAP_438,2.08731,0,0,0,0,0,0,16.1515,0,0
cDAP_439,3.01387,0,0,0,0,0,0,17.2048,0,0
cDAP_440,3.47715,0,0,0,0,0,0,17.9054,0,0
cDAP_441,3.64319,0,0,0,0,0,0,17.9822,0,0
cDAP_442,3.93219,0,0,0.127621,0,0,0,18.0206,0,0
cDAP_443,4.13102,0,0,0,0,0,0,18.5517,0,0
cDAP_444,4.27452,0,0,0,0,0,0,19.311,0,0
cDAP_445,3.79694,0.116998,0,0,0,0,0,20.0682,0,0
cDAP_446,3.00159,0,0,0,0,0,0,20.0636,0,0
cDAP_447,2.07301,0,0,0,0,0,0,19.8692,0,0
cDAP_448,2.45841,0,0,0,0,0,0,20.3981,0,0
cDAP_449,2.69005,1.88463,0,0,0,0,0,21.0173,0,0
cDAP_450,2.50349,2.73234,0,0,0,0,0,21.1144,0,0
cDAP_451,1.909,2.67137,0,0,0,0,0,20.7505,0,0
cDAP_452,2.37228,3.97108,0,0,0,0,0,21.1348,0,0
cDAP_453,3.37673,4.58812,0,0.568362,0,0,0,22.3529,0,0
cDAP_454,3.78668,2.69389,0,0.0618016,0,0,0,22.4546,0,0
cDAP_455,3.78668,2.3413,0,1.36053,0,0,0,22.1834,0,0
cDAP_456,1.74296,1.8893,0,1.3047,0,0,0,20.7641,0,0
cDAP_457,1.22434,0.815594,0,2.2955,0,0,0,19.6137,0,0
cDAP_458,0.693433,0,0,1.96523,0,0,0,19.1391,0,0
cDAP_459,0,0,0,1.27121,0,0,0,18.0973,0,0
cDAP_460,0,0.539891,0,0.599519,0,0,0,18.3571,0,0
cDAP_461,0,0.286705,0,2.18502,0,0,0,18.4702,0,0
cDAP_462,0.715973,0.55115,0,2.69158,0,0,0,17.6905,0,0
cDAP_463,0,0,0,2.31666,0,0,0,17.13,0,0
cDAP_464,0,0,0,0.885125,0,0,0,16.2147,0,0
cDAP_465,0,0,0,0.708829,0,0,0,15.7423,0,0
cDAP_466,0,0,0,0.422055,0,0,0,14.9422,0,0
cDAP_467,0,0,0,0.840467,0,0,0,14.6055,0,0
cDAP_468,0,0,0,0.906286,0,0,0,13.923,0,0
cDAP_469,0,0,0,0,0,0,0,12.1646,0,0
cDAP_470,0,0,0,0,0,0,0,11.5815,0,0
cDAP_471,0,0,0,0,0,0,0,10.5058,0,0
cDAP_472,0,0,0,0,0,0,0,9.76002,0,0
cDAP_473,0,0.687082,0,0,0,0,0,8.79055,0,0
cDAP_474,0,0,0,0,0,0,0,7.31927,0,0
cDAP_475,0,0,0,0,0,0,0,6.49209,0,0
cDAP_476,0,0,0,0,0,0,0,5.69215,0,0
cDAP_477,0,0,0,0,0,0,0,5.48878,0,0
cDAP_478,0,0,0,0,0,0,0,5.20403,0,0
cDAP_479,0,0,0,0,0,0,0,3.73054,0,0
cDAP_480,0,0,0,0,0,0,0,3.43225,0,0
cDAP_481,0,0,0,0,0,0,0,2.70676,0,0
cDAP_482,0,0,0,0,0,0,0,3.14073,0,0
cDAP_483,0,0,0,0,0,0,0,2.06045,0,0
cDAP_484,0,0,0,0,0,0,0,2.51252,0,0
cDAP_485,0,0,0,0,0,0,0,2.7905,0,0
cDAP_486,0,0,0,0,0,0,0,2.76799,0,0
cDAP_487,0,0,0,0,0,0,0,2.2391,0,0
cDAP_488,0,0,0,0,0,0,0,1.62663,0,0
cDAP_489,0,0,0,0,0,0,0,0.944114,0,0
cDAP_490,0,0,0,0,0,0,0,0.600651,0,0
cDAP_491,0,0,0,0,0,0,0,0.0807343,0,0
cDAP_492,0,0,0,0,0,0,0,0.415225,0,0
cDAP_493,0,0,0,0,0,0,0,0.806225,0,0
cDAP_494,0,0,0,0,0,0,0,1.28773,0,0
cDAP_495,0,0,0,0,0,0,0,0.910272,0,0
cDAP_496,0,0,0,0,0,0,0,1.00062,0,0
cDAP_497,0,0,0,0,0,0,0,1.41193,0,0
cDAP_498,0,0,0,0,0,0,0,0.537215,0,0
cDAP_499,0,0,0,0,0,0,0,0.293076,0,0
cDAP_500,0,0,0,0,0,0,0,0,0,0
cDAP_501,0,0,0,0,0,0,0,0.383428,0,0
cDAP_502,0,0,0,0,0,0,0,0.0963164,0,0
cDAP_503,0,0,0,0,0,0,0,0.916723,0,0
cDAP_504,0,0,0,0,0,0,0,1.42074,0,0
cDAP_505,0,0,0,0,0,0,0,1.19691,0,0
cDAP_506,0,0,0,0,0,0,0,0.704223,0,0
cDAP_507,0,0,0,0,0,0,0,0.643149,0,0
cDAP_508,0,0,0,0,0,0,0,0.455519,0,0
cDAP_509,0,0,0,0,0,0,0,0.600177,0,0
cDAP_510,0,0,0,0,0,0,0,0.916565,0,0
cDAP_511,0,0,0,0,0,0,0,1.4974,0,0
cDAP_512,0,0,0,0,0,0,0,2.92807,0,0
cDAP_513,0,0,0,0,0,0,0,1.96521,0,0
cDAP_514,0,0,0,0,0,0,0,1.55391,0,0
cDAP_515,0,0,0,0,0,0,0,0.421519,0,0
cDAP_516,0,0,0,0,0,0,0,0.0824629,0,0
cDAP_517,0,0,0,0,0,0,0,0,0,0
cDAP_518,0,0,0,0,0,0,0,0.586481,0,0
cDAP_519,0,0,0,0,0,0,0,1.01369,0,0
cDAP_520,0,0,0,0.109449,0,0,0,0.753806,0,0
cDAP_521,0,0,0,0,0,0,0,0.880361,0,0
cDAP_522,0,0,0,0,0,0,0,0.0418522,0,0
cDAP_523,0,0,0,0,0,0,0,0.690528,0,0
cDAP_524,0,0,0,0,0,0,0,0.898463,0,0
cDAP_525,0,0,0,0,0,0,0,0.570741,0,0
cDAP_526,0,0,0,0,0,0,0,0.168408,0,0
cDAP_527,0,0,0,0,0,0,0,1.23295,0,0
cDAP_528,0,0,0,0,0,0,0,2.45113,0,0
cDAP_529,0,0,0,0,0,0,0,2.15048,0,0
cDAP_530,0,0,0,0,0,0,0,1.81143,0,0
cDAP_531,0,0,0,0,0,0,0,2.13915,0,0
cDAP_532,0,0,0,0,0,0,0,3.0274,0,0
cDAP_533,0,0,0,0,0,0,0,3.51111,0,0
cDAP_534,0,0,0,0,0,0,0,3.4343,0,0
cDAP_535,0,0,0,0,0,0,0,3.8637,0,0
cDAP_536,0,0,0,0,0,0,0,4.20276,0,0
cDAP_537,0.100765,0,0,0,0,0,0,5.23567,0,0
cDAP_538,0.617376,0,0,0,0,0,0,6.28211,0,0
cDAP_539,0.869543,0,0,0,0,0,0,7.03247,0,0
cDAP_540,1.20986,0,0,0,0,0,0,7.94103,0,0
cDAP_541,2.86616,0,0,0,0,0,0,8.23491,0,0
cDAP_542,3.53854,0,0,0,0,0,0,10.1356,0,0
cDAP_543,4.25601,0,0,0,0,0,0,11.1142,0,0
cDAP_544,4.32363,0,0,0,0,0,0,11.7108,0,0
cDAP_545,4.81147,0,0,0,0,0,0,11.6475,0,0
cDAP_546,5.34036,0,0,0,0,0,0,12.4295,0,0
cDAP_547,4.95496,0,0,0,0,0,0,11.4079,0,0
cDAP_548,6.32629,0,0,0,0,0,0,12.3481,0,0
cDAP_549,8.11784,0,0,0,0,0,0,13.5301,0,0
cDAP_550,9.49944,0,0,0,0,0,0,13.8375,0,0
cDAP_551,9.41129,0,0,0,0,0,0,14.0092,0,0
cDAP_552,9.83151,0,0,0,0,0,0,13.8691,0,0
cDAP_553,10.549,0,0,0,0,0,0,14.1201,0,0
cDAP_554,11.8732,1.04818,0,0,0,0,0,15.5078,0,0
cDAP_555,11.8322,0.293294,0,0,0,0,0,13.9867,0,0
cDAP_556,12.199,0,0,0,0,0,0,12.3437,0,0
cDAP_557,12.5208,0.0288495,0,0,0,0,0,12.3121,0,0
cDAP_558,13.2198,0,0,0,0,0,0,11.4216,0,0
cDAP_559,14.9232,0,0,0,0,0,0,11.6228,0,0
cDAP_560,14.8616,0,0,0,0,0,0,10.1221,0,0
cDAP_561,13.9699,0,0,0,0,0,0,8.7479,0,0
cDAP_562,13.8632,0,0,0,0,0,0,7.6133,0,0
cDAP_563,13.4205,0,0,0,0,0,0,7.17036,0.0844179,0
cDAP_564,12.8711,0,0,0,0,0,0,6.28888,0,0
cDAP_565,12.1864,0,0,0,0,0,0,5.0504,0,0
cDAP_566,11.924,0,0,0,0,0,0,4.12374,0,0
cDAP_567,11.229,0,0,0,0,0,0,3.94288,0,0
cDAP_568,11.3868,0,0,0,0,0,0,3.16765,0,0
cDAP_569,11.0383,0,0,0,0,0,0,1.94034,0,0
cDAP_570,10.6426,0,0,0,0,0,0,2.01259,0,0
cDAP_571,10.0378,0,0,0,0,0,0,1.01809,0,0
cDAP_572,8.68905,0,0,0,0,0,0,0.905073,0.0340912,0
cDAP_573,8.15613,0,0,0,0,0,0,0.909639,2.1206,0
cDAP_574,6.85444,0,0,0,0,0,0,0,3.12366,0
cDAP_575,4.49295,0,0,0,0,0,0,0,2.46644,0
cDAP_576,3.13389,0,0,0,0,0,0,0,2.5914,0
cDAP_577,1.6088,0,0,0,0,0,0,0,3.52084,0
cDAP_578,0.858535,0,0,0,0,0,0,0,3.08009,0
cDAP_579,0,0,0,0,0,0,0,0,2.49987,0
cDAP_580,0,0,0,0,0,0,0,0,2.52216,0
cDAP_581,0,0,0,0,0,0,0,0,2.33134,0
cDAP_582,0,0,0,0,0,0,0,0,1.00912,0
cDAP_583,0,0,0,0,0,0,0,0,0,0
cDAP_584,0,0,0,0,0,0,0,0,0,0
cDAP_585,0,0,0,0,0,0,0,0,0,0
cDAP_586,0,0,0,0,0,0,0,0,0,0
cDAP_587,0,0,0,0,0,0,0,0,0,0
cDAP_588,0,0,0,0,0,0,0,0,0,0
cDAP_589,0,0,0,0,0,0,0,0,0,0
cDAP_590,0,0,0,0,0,0,0,0,0,0
cDAP_591,0,0,0,0,0,0,0,0,0,0
cDAP_592,0,0,0,0,0,0,0,0,0,0
cDAP_593,0,0,0,0,0,0,0,0,0,0
cDAP_594,0,0,0,0,0,0,0,0,0,0
cDAP_595,0,0,0,0,0,0,0,0,0,0
cDAP_596,0,0,0,0,0,0,0,0,0,0
cDAP_597,0,0,0,0,0,0,0,0,0,0
cDAP_598,0,0,0,0,0,0,0,0,0,0
cDAP_599,0,0,0,0,0,0,0,0,0,0
cDAP_600,0,0,0,0,0,0,0,0,0,0
cDAP_601,0,0,0,0,0,0,0,0,0,0
cDAP_602,0,0,0,0,0,0,0,0,0,0
cDAP_603,0,0,0,0,0,0,0,0,0,0
cDAP_604,0,0,0,0,0,0,0,0,0,0
cDAP_605,0,0,0,0,0,0,0,0.956385,0,0
cDAP_606,0,0,0,0,0,0,0,0.963311,0,0
cDAP_607,0,0,0,0,0,0,0,0.701229,0,0
cDAP_608,0,0,0,0,0,0,0,1.07869,0,0
cDAP_609,0,0,0,0,0,0,0,1.88556,0,0
cDAP_610,0,0,0,0,0,0,0,2.81678,0,0
cDAP_611,0,0,0,0,0,0,0,4.14121,0,0
cDAP_612,0,0,0,0,0,0,0,4.65656,0,0
cDAP_613,0,0,0,0,0,0,0,5.03402,0,0
cDAP_614,0,0,0,0,0,0,0,6.30871,0,0
cDAP_615,0,0,0,0,0,0,0,6.86703,0,0
cDAP_616,0.748405,0,0,0,0,0,0,7.86153,0,0
cDAP_617,1.01083,0,0,0,0,0,0,8.81983,0,0
cDAP_618,2.8537,0,0,0,0,0,0,9.30811,0,0
cDAP_619,2.93158,0,0,0,0,0,0,9.65614,0,0
cDAP_620,3.39486,0,0,0,0,0,0,9.68557,0,0
cDAP_621,4.69656,0,0,0,0,0,0,10.4089,0,0
cDAP_622,6.68292,0,0,0.368568,0,0,0,12.2305,0,0
cDAP_623,7.01498,0,0,0.445552,0,0,0,12.4023,0,0
cDAP_624,7.68938,0,0,0,0,0,0,12.2554,0,0
cDAP_625,8.1752,0,0,0.556029,0,0,0,13.6588,0,0
cDAP_626,9.3477,0,0,1.481,0,0,0,13.9933,0,0
cDAP_627,10.6597,0,0,2.79206,0,0,0,15.5754,0,0
cDAP_628,10.7703,0,0,2.46179,0,0,0,15.1777,0,0
cDAP_629,10.5592,0,0,2.31899,0,0,0,15.8783,0,0
cDAP_630,12.2832,0,0,1.93407,0,0,0,16.4004,0,0
cDAP_631,12.5804,0,0,0.888628,0,0,0,16.918,0,0
cDAP_632,13.5766,0,0,0.811645,0,0,0,16.8163,0,0
cDAP_633,14.2858,0,0,0.877464,0,0,0,16.71,0,0
cDAP_634,15.401,0,0,0.492546,0,0,0,17.3022,0,0
cDAP_635,16.018,0,0,1.19773,0,0,0,18.3803,0,0
cDAP_636,15.8745,0,0,1.78127,0,0,0,19.1147,0,0
cDAP_637,15.278,0,0.474569,1.51683,0,0,0,19.1034,0,0
cDAP_638,16.0611,0,1.00346,2.28783,0,0,0,19.847,0,0
cDAP_639,15.8417,0,0.780885,1.60498,0,0,0,19.8492,0,0
cDAP_640,15.1017,0,0.734608,0.833974,0,0,0,19.2819,0,0
cDAP_641,14.9049,0,0,0.80048,0,0,0,18.9112,0,0
cDAP_642,15.3271,0,0,0.0406405,0,0,0,18.9067,0,0
cDAP_643,14.7326,0,0,0,0,0,0,18.8908,0,0
cDAP_644,15.8457,0,0,1.14191,0,0,0,20.0751,0,0
cDAP_645,16.9526,0,0,1.29588,0,0,0,20.335,0,0
cDAP_646,16.3233,0,0,0.282756,0,0,0,19.4377,0,0
cDAP_647,15.2512,0,0.0250164,0,0,0,0,18.927,0,0
cDAP_648,16.1696,0,0.697882,0,0,0,0,19.0852,0,0
cDAP_649,15.3967,0,0.0389735,0,0,0,0,18.9292,0,0
cDAP_650,15.0442,0,0,0,0,0,0,18.8229,0,0
cDAP_651,15.6099,0,0,0,0,0,0,19.5709,0,0
cDAP_652,16.846,0,1.13422,0,0,0,0,21.2501,0,0
cDAP_653,16.8685,0,0.113165,0.172279,0,0,0,22.2377,0,0
cDAP_654,16.5262,0,0.0389735,0,0,0,0,22.4411,0,0
cDAP_655,15.6857,0,0,0,0,0,0,22.3348,0,0
cDAP_656,15.3004,0,0,0,0,0,0,21.824,0,0
cDAP_657,15.9747,0,0,0,0,0,0,22.032,0,0
cDAP_658,16.397,0,0,0,0,0,0,22.3754,0,0
cDAP_659,17.1062,0,0,0,0,0,0,21.8511,0,0
cDAP_660,17.2825,0,0,0,0,0,0,21.711,0,0
cDAP_661,16.8152,0,0,0,0,0,0,22.0184,0,0
cDAP_662,15.7985,0,0,0,0,0,0,21.7924,0,0
cDAP_663,14.4148,0,0,0,0,0,0,21.7291,0,0
cDAP_664,15.5936,0,0,0,0,0,0,22.2355,0,0
cDAP_665,14.5215,0,0,0,0,0,0,22.3575,0,0
cDAP_666,14.5748,0,0,0,0,0,0,22.4072,0,0
cDAP_667,13.1153,0,0,0,0,0,0,22.6174,0,0
cDAP_668,13.2158,0,0,0,0,0,0,22.2128,0,0
cDAP_669,12.6172,0,0,0,0,0,0,22.2874,0,0
cDAP_670,11.4242,0,0,0,0,0,0,22.0433,0,0
cDAP_671,10.4711,0,0,0,0,0,0,23.0671,0,0
cDAP_672,10.9794,0,0,0,0,0,0,23.6863,0,0
cDAP_673,9.78643,0,0,0,0,0,0,23.3789,0,0
cDAP_674,9.108,0,0,0,0,0,0,23.8626,0,0
cDAP_675,8.42334,0,0,0,0,0,0,23.0987,0,0
cDAP_676,8.78418,0,0,0.228101,0,0,0,23.8785,0,0
cDAP_677,7.72439,0,0,0,0,0,0,23.2931,0,0
cDAP_678,7.4374,0,0,0,0,0,0,23.0987,0,0
cDAP_679,7.28365,0,0,0,0,0,0,22.2331,0,0
cDAP_680,6.763,0,0,0,0,0,0,21.6501,0,0
cDAP_681,6.49654,0,0,0.172279,0,0,0,21.6931,0,0
cDAP_682,6.10913,0,0,0,0,0,0,21.5982,0,0
cDAP_683,5.54543,0,0,0,0,0,0,20.9789,0,0
cDAP_684,6.19527,0,0,0,0,0,0,21.7541,0,0
cDAP_685,4.77885,0,0,0,0,0,0,21.3745,0,0
cDAP_686,3.49566,0,0,0,0,0,0,21.11,0,0
cDAP_687,2.98528,0,0,0,0,0,0,21.1146,0,0
cDAP_688,2.70856,0,0,0,0,0,0,20.3236,0,0
cDAP_689,2.24326,0,0,0,0,0,0,20.6649,0,0
cDAP_690,2.24125,0,0,0,0,0,0,21.5169,0,0
cDAP_691,2.43807,0,0,0,0,0,0,21.6029,0,0
cDAP_692,1.97277,0,0.0940623,0,0,0,0,21.8944,0,0
cDAP_693,1.69404,0,0.520846,0.471385,0,0,0,21.847,0,0
cDAP_694,2.2024,0,0.725056,0,0,0,0,21.7453,0,0
cDAP_695,1.90314,0,1.29582,0,0,0,0,20.9792,0,0
cDAP_696,2.80917,0,1.03578,0.593026,0,0,0,21.3951,0,0
cDAP_697,2.89531,0,1.4486,1.03377,0,0,0,22.4551,0,0
cDAP_698,2.8625,0,1.0681,0.285092,0,0,0,22.1274,0,0
cDAP_699,2.06715,0,0.715505,0,0,0,0,23.1601,0,0
cDAP_700,0.874132,0,0.887396,0,0,0,0,22.9408,0,0
cDAP_701,1.23699,0,1.70864,0,0,0,0,24.1974,0,0
cDAP_702,0.939739,0,1.04973,0,0,0,0,24.4143,0,0
cDAP_703,1.76588,0.256768,2.13543,0.0541407,0,0,0,25.454,0,0
cDAP_704,2.06312,0.179878,1.87539,0.571865,0,0,0,25.054,0,0
cDAP_705,2.41572,0.961953,2.22798,1.25472,0,0,0,26.1276,0,0
cDAP_706,1.91963,0,1.49488,1.0561,0,0,0,25.2823,0,0
cDAP_707,2.40747,0.471509,0.631763,0.8798,0,0,0,25.7004,0,0
cDAP_708,2.73752,0.91225,1.05855,1.32054,0,0,0,26.679,0,0
cDAP_709,3.22334,1.26484,1.23484,1.67313,0,0,0,27.3298,0,0
cDAP_710,3.18852,0.885064,1.25321,1.60731,0,0,0,28.8147,0,0
cDAP_711,3.12292,0.708767,0.988762,0.77049,0,0,0,29.5694,0,0
cDAP_712,3.22133,1.92032,0.918976,0.462556,0,0,0,31.339,0,0
cDAP_713,2.94461,1.83218,0.728723,0.374408,0,0,0,32.3266,0,0
cDAP_714,2.52439,1.95877,0.334259,0.121128,0,0,0,32.5548,0,0
cDAP_715,3.01021,3.08218,0.306345,0,0,0,0,33.4136,0,0
cDAP_716,3.78302,5.329,0,0,0,0,0,35.5945,0,0
cDAP_717,4.13763,5.75848,0,0.253934,0,0,0,36.8352,0,0
cDAP_718,4.02694,5.329,0,0.584197,0,0,0,37.4996,0,0
cDAP_719,3.90599,5.27929,0,0.650017,0,0,0,36.8171,0,0
cDAP_720,3.66207,5.27929,0,0,0,0,0,36.0894,0,0
cDAP_721,3.55138,6.13826,0,0,0,0,0,35.425,0,0
cDAP_722,2.7027,6.29204,0,0,0,0,0,35.1311,0,0
cDAP_723,2.66587,6.87063,0,0,0,0,0,34.4758,0,0
cDAP_724,3.16397,7.08537,0,0,0,0,0,35.1018,0,0
cDAP_725,3.20703,7.00848,0,0,0,0,0,35.3979,0,0
cDAP_726,3.16397,5.45559,0,0,0,0,0,35.2917,0,0
cDAP_727,3.30746,4.81137,0,0.330917,0,0,0,35.8612,0,0
cDAP_728,4.25657,5.85789,0,0.617691,0,0,0,36.5347,0,0
cDAP_729,5.3389,6.68966,0,0.739333,0,0,0,37.2218,0,0
cDAP_730,5.85753,6.82752,0,1.42219,0,0,0,37.2263,0,0
cDAP_731,6.47658,6.91566,0,1.8406,0,0,0,37.1812,0,0
cDAP_732,6.81066,6.9044,0,1.73012,0,0,0,36.3675,0.0165411,0
cDAP_733,7.23088,7.93967,0,1.57616,0,0,0,37.145,0.192837,0
cDAP_734,7.98316,8.02781,0,1.99457,0,0,0,37.9292,0.997315,0
cDAP_735,8.56739,8.12722,0.207907,1.53267,0,0,0,38.6479,2.00376,0
cDAP_736,8.64528,7.18011,0.528179,2.27018,0,0,0,38.7496,1.67683,0
cDAP_737,8.2619,6.29863,0,1.88409,0,0,0,38.6274,1.51168,0
cDAP_738,7.26972,5.2024,0,1.33287,0,0,0,38.6951,1.10775,0
cDAP_739,8.14296,4.86107,0,1.42102,0,0,0,39.4409,2.15101,0
cDAP_740,9.03873,5.80818,0,1.92758,0,0,0,40.1167,2.71671,0
cDAP_741,9.73769,5.54374,0,1.57499,0,0,0,39.6759,2.36412,0
cDAP_742,9.30922,4.7504,0,1.44218,0,0,0,39.5786,2.13648,0
cDAP_743,9.07758,5.64781,0,2.09154,0,0,0,39.0792,3.39285,0
cDAP_744,10.1825,6.82093,0.292388,2.9507,0,0,0,40.5324,3.44418,0
cDAP_745,8.91356,5.59811,0,2.48763,0,0,0,40.1187,4.32229,0
cDAP_746,7.9071,5.20707,0,1.98107,0,0,0,39.5627,3.19088,0
cDAP_747,7.49916,4.21026,0,3.53307,0,0,0,38.0079,2.83829,0
cDAP_748,6.49673,2.38166,0,2.97069,0,0,0,35.9376,1.86866,0
cDAP_749,7.97875,4.27589,0,3.14699,0,0,0,35.1964,1.80618,0
cDAP_750,8.31082,3.973,0,3.3891,0,0,0,34.184,2.67314,0
cDAP_751,8.38871,3.973,0,3.71937,0,0,0,33.4879,1.71803,0
cDAP_752,8.61008,3.84641,0,3.14699,0,0,0,33.045,2.28373,0
cDAP_753,8.61008,3.973,0,3.22397,0,0,0,32.7919,2.67314,0
cDAP_754,8.07093,3.05307,0,2.51879,0,0,0,31.6754,1.96795,0
cDAP_755,8.17961,3.58196,0,3.37794,0,0,0,31.6099,2.49684,0
cDAP_756,8.38046,3.22937,0,3.35561,0,0,0,30.6878,1.90547,0
cDAP_757,8.53623,2.62359,0,3.34444,0,0,0,29.9104,1.72918,0
cDAP_758,8.48089,2.62359,0,2.51879,0,0,0,29.1827,1.25162,0
cDAP_759,7.59739,1.75337,0,1.91291,0,0,0,28.3939,0,0
cDAP_760,7.28988,0,0,1.29588,0,0,0,26.4096,0,0
cDAP_761,7.1013,0,0,1.29588,0,0,0,25.4989,0,0
cDAP_762,6.73442,0,0,1.40635,0,0,0,24.8255,0,0
cDAP_763,6.34701,0,0,1.4945,0,0,0,23.813,0,0
cDAP_764,6.26711,0,0,2.02339,0,0,0,23.1713,0,0
cDAP_765,6.32043,0,0,1.38519,0,0,0,21.8787,0,0
cDAP_766,6.46191,0,0,1.58382,0,0,0,21.1985,0,0
cDAP_767,5.52106,0,0,1.3417,0,0,0,20.1544,0,0
cDAP_768,4.71966,0,0,1.56266,0,0,0,20.1749,0,0
cDAP_769,4.84684,0.98447,0,1.47568,0,0,0,20.2134,0,0
cDAP_770,5.40854,0.830691,0,1.8506,0,0,0,20.1277,0.505239,0
cDAP_771,5.1298,1.48617,0,1.63081,0,0,0,19.2712,0.707203,0
cDAP_772,5.19339,2.10321,0,1.25706,0,0,0,18.7176,0.846687,0
cDAP_773,4.82449,1.6081,0,2.05039,0,0,0,18.2137,0.684914,0
cDAP_774,5.17305,1.68032,0,1.37987,0,0,0,17.5879,0.875733,0
cDAP_775,5.12595,1.65313,0,1.00611,0,0,0,16.7111,1.01522,0
cDAP_776,4.11748,1.14676,0.750013,0.698178,0,0,0,15.6468,0.65148,0
cDAP_777,2.92042,0.210903,1.08865,0.390243,0,0,0,14.2908,0.526519,0
cDAP_778,3.31407,0.409716,1.6359,0.622362,0,0,0,13.735,1.5843,0
cDAP_779,2.91236,0.685419,1.72845,0.997284,0,0,0,13.2379,2.28948,0
cDAP_780,2.69098,0.255937,1.42214,0.336757,0,0,0,11.7193,2.28948,0
cDAP_781,2.72177,0.355343,1.64471,0.535382,0,0,0,11.4572,2.81837,0
cDAP_782,1.53901,0,1.29212,0,0,0,0,10.2504,1.51067,0
cDAP_783,1.52472,0,2.09941,0,0,0,0,9.87982,1.7383,0
cDAP_784,1.63339,0,2.33594,0,0,0,0,9.24484,2.17904,0
cDAP_785,1.26651,0,1.56538,0,0,0,0,8.4268,1.09898,0
cDAP_786,1.17634,0,1.81586,0,0,0,0,7.51384,0.974017,0
cDAP_787,0.965227,0,1.99216,0,0,0,0,6.96244,0.67276,0
cDAP_788,1.05337,0,1.99216,0,0,0,0,5.94999,0.67276,0
cDAP_789,0.99803,0,1.89005,0,0,0,0,4.99406,0.911537,0
cDAP_790,1.30554,0,2.01052,0,0,0,0,4.85853,1.44043,0
cDAP_791,1.12723,0,1.95469,0,0,0,0,4.86987,0.837912,0
cDAP_792,1.49008,0.00466966,2.17727,0,0.20514,0,0,5.24056,1.12802,0
cDAP_793,1.09241,0,1.49045,0,0.0288432,0,0,4.71624,0.951728,0
cDAP_794,1.27897,0,1.74093,0,0.381436,0,0,4.65752,0.826767,0
cDAP_795,1.16828,0,1.74093,0,0.381436,0,0,4.40441,0.587991,0
cDAP_796,1.22363,0,1.65279,0,0.0407042,0,0,4.43605,0.110437,0
cDAP_797,1.0904,0,1.75489,0,0,0,0,4.1513,0.0222893,0
cDAP_798,1.00225,0,1.46253,0,0,0,0,4.37954,0,0
cDAP_799,0.969443,0,1.66674,0,0,0,0,4.31626,0.0222893,0
cDAP_800,0.914099,0,2.06121,0,0.17971,0,0,4.47446,0.0222893,0
cDAP_801,1.32204,0.230669,2.5159,0,0.986612,0,0,5.87113,0.136105,0
cDAP_802,0.991984,0,2.07516,0,0.545871,0,0,5.74678,0,0
cDAP_803,1.2031,0,2.00097,0,1.05104,0,0,6.17162,0,0
cDAP_804,1.18056,0,1.69466,0,1.05104,0,0,6.42474,0,0
cDAP_805,1.12521,0,1.69466,0,0.937461,0,0,7.24058,0,0
cDAP_806,0.948918,0,1.62047,0,0.849313,0,0,7.41231,0,0
cDAP_807,0.661933,0,1.53232,0,0.673016,0,0,7.67896,0,0
cDAP_808,0.551244,0,1.53232,0,0.900171,0,0,8.1219,0,0
cDAP_809,0.508177,0,1.47208,0,0.862881,0,0,8.42696,0,0
cDAP_810,0.7849,0,1.57419,0,0.862881,0,0,8.71171,0,0
cDAP_811,0.598341,0,1.42581,0,0.283134,0,0,8.80206,0,0
cDAP_812,0.477389,0,1.24951,0,0.106837,0,0,8.75232,0,0
cDAP_813,0.875063,0,1.42581,0,0.0559794,0,0,9.245,0,0
cDAP_814,0.643422,0,0.841089,0,0,0,0,9.19526,0,0
cDAP_815,0.698767,0,0.841089,0,0,0,0,9.35345,0,0
cDAP_816,0.754111,0,1.0453,0,0,0,0,9.51165,0,0
cDAP_817,0.754111,0,1.0453,0,0,0,0,9.70148,0,0
cDAP_818,0.754111,0,1.0453,0,0,0,0,9.89132,0,0
cDAP_819,0.63316,0,0.869003,0,0,0,0,9.71502,0,0
cDAP_820,0.63316,0,0.576644,0,0,0,0,9.52519,0,0
cDAP_821,0.411781,0,0.576644,0,0,0,0,9.55682,0,0
cDAP_822,0.29083,0,0,0,0,0,0,9.2291,0,0
cDAP_823,0.434322,0,0.372434,0,0,0,0,9.21557,0,0
cDAP_824,0.610619,0,0.446625,0,0,0,0,9.20203,0,0
cDAP_825,0.73157,0,0.418711,0,0,0,0,9.15685,0,0
cDAP_826,0.620881,0,0.418711,0,0,0,0,8.84046,0,0
cDAP_827,0.73157,0,0.520816,0,0,0,0,8.4608,0,0
cDAP_828,0.996015,0,0.58105,0.592372,0,0,0,8.2823,0,0
cDAP_829,1.16205,0,0.37684,0,0,0,0,7.74444,0,0
cDAP_830,0.94067,0,0.478945,0,0,0,0,7.04838,0,0
cDAP_831,1.02882,0,0.37684,0,0,0,0,6.70035,0,0
cDAP_832,1.03908,0,0.451031,0,0,0,0,6.8066,0,0
cDAP_833,0.817703,0,0.348926,0,0,0,0,6.74333,0,0
cDAP_834,0.762359,0,0.437074,0.0311578,0,0,0,6.55349,0,0
cDAP_835,0.540981,0,0.130759,0.0311578,0,0,0,6.17383,0,0
cDAP_836,0.540981,0,0.232864,0.361421,0,0,0,5.47777,0,0
cDAP_837,0.540981,0,0.232864,0.361421,0,0,0,4.78172,0,0
cDAP_838,0.407751,0,0.334969,0.361421,0,0,0,4.42692,0,0
cDAP_839,0.241717,0,0.437074,0.0311578,0,0,0,4.17381,0,0
cDAP_840,0.352406,0,0.437074,0.119306,0,0,0,3.85742,0,0
cDAP_841,0.241717,0,0.525222,0.119306,0,0,0,3.3512,0,0
cDAP_842,0.297062,0,0.423117,0,0,0,0,3.31956,0,0
cDAP_843,0.538965,0,0.673604,0,0,0,0,3.35576,0,0
cDAP_844,0.659917,0.434152,0.543585,0,0,0,0,3.18403,0,0
cDAP_845,0.549228,0.00466966,0.543585,0,0,0,0,3.18403,0,0
cDAP_846,0.725525,0.180966,0.413566,0.163964,0,0,0,3.1705,0,0
cDAP_847,0.514409,0.357262,0.589862,0.34026,0,0,0,3.63154,0,0
cDAP_848,0.635361,0.533559,0.766159,0.516557,0,0,0,3.74456,0,0
cDAP_849,1.05356,1.06245,1.39715,1.04545,0.3543,0.0746314,0,3.95706,0,0
cDAP_850,1.05356,1.06245,1.29505,1.04545,0.3543,0.0746314,0,3.86215,0,0
cDAP_851,1.00848,1.23874,1.47134,1.22174,0.530596,0.250928,0,3.72205,0,0
cDAP_852,1.27292,1.50319,1.53158,1.48619,0.79504,0.515372,0.130427,3.85994,0,0.228506
cDAP_853,1.10689,1.50319,1.53158,1.15592,0.79504,0.515372,0.130427,3.76503,0,0.228506
cDAP_854,1.05155,1.50319,1.73579,1.15592,0.79504,0.515372,0.130427,3.8283,0,0.228506
cDAP_855,1.16223,1.50319,1.53158,1.15592,0.79504,0.515372,0.130427,3.85994,0,0.228506
cDAP_856,1.07409,1.41504,1.44343,1.23291,0.706892,0.427224,0.0422788,3.48704,0,0.140358
cDAP_857,1.07409,1.41504,1.64764,1.23291,0.706892,0.427224,0.0422788,3.4554,0,0
cDAP_858,0.742019,1.41504,1.85185,1.23291,0.934047,0.427224,0,3.51868,0,0
cDAP_859,0.742019,1.41504,1.85185,1.23291,0.934047,0.427224,0,3.64524,0,0
cDAP_860,0.63133,1.41504,1.85185,1.23291,0.934047,0.427224,0,3.67688,0,0
cDAP_861,0.63133,0.985558,1.64764,0.902643,0.706892,0.427224,0,3.67688,0,0
cDAP_862,0.63133,0.985558,1.64764,0.902643,0.706892,0.427224,0,3.51868,0,0
cDAP_863,0.520641,0.985558,1.64764,0.902643,0.706892,0.427224,0,3.51868,0,0
cDAP_864,0.520641,0.770817,1.74975,0.407247,0.479738,0.427224,0,3.6136,0,0
cDAP_865,0.409952,0.770817,1.64764,0.407247,0.479738,0.427224,0,3.70852,0,0
cDAP_866,0.409952,0.770817,1.64764,0.407247,0.479738,0.427224,0,3.92999,0,0
cDAP_867,0.409952,0.341334,1.64764,0.407247,0.252583,0.427224,0,4.0249,0,0
cDAP_868,0.409952,0.341334,1.64764,0.407247,0.252583,0.427224,0,3.99327,0.150628,0
cDAP_869,0.409952,0.341334,1.64764,0.407247,0.252583,0.427224,0,4.15146,0.150628,0
cDAP_870,0.409952,0.341334,1.44343,0.407247,0.252583,0.427224,0,4.11982,0.150628,0
cDAP_871,0.354608,0.341334,1.44343,0.407247,0.252583,0.427224,0,4.15146,0.150628,0
cDAP_872,0.465297,0,1.44343,0.0769836,0.252583,0.427224,0,4.30965,0.150628,0
cDAP_873,0.289001,0,1.26713,0,0.417019,0.250928,0,4.07008,0,0
cDAP_874,0.178312,0,1.16503,0,0.417019,0.079137,0,3.78533,0,0
cDAP_875,0.178312,0,1.16503,0,0.417019,0.079137,0,3.65877,0,0
cDAP_876,0.344345,0,1.26713,0,0.417019,0.079137,0,3.72205,0,0
cDAP_877,0.233656,0,1.36924,0,0.303442,0.079137,0,3.65877,0,0
cDAP_878,0.233656,0,1.36924,0,0.303442,0.079137,0,3.75369,0,0
cDAP_879,0.0573598,0,1.19294,0,0.0135681,0,0,3.5774,0,0
cDAP_880,0.278738,0,1.19294,0,0.0135681,0,0,3.51412,0,0
cDAP_881,0.334082,0,1.09084,0,0.0135681,0,0,3.60903,0,0
cDAP_882,0.278738,0,1.09084,0,0.0135681,0,0,3.35592,0,0
cDAP_883,0.047097,0,0.914541,0,0,0,0,3.2429,0,0
cDAP_884,0,0,0.914541,0,0,0,0,3.14799,0,0
cDAP_885,0.0245562,0,0.914541,0,0,0,0,3.05307,0,0
cDAP_886,0.0245562,0,0.71033,0,0,0,0,2.98303,0,0
cDAP_887,0.0245562,0,0.71033,0,0.0389971,0,0,3.01466,0,0
cDAP_888,0.0799007,0,0.900584,0,0.0389971,0,0,2.82483,0,0
cDAP_889,0.245934,0,0.696373,0,0.0389971,0,0,2.91975,0,0
cDAP_890,0.356623,0,0.594268,0,0.0389971,0,0,2.69828,0,0
cDAP_891,0.356623,0,0.696373,0,0.0389971,0,0,2.635,0,0
cDAP_892,0.356623,0,0.696373,0,0.0389971,0,0,2.41353,0,0
cDAP_893,0.467312,0,0.608225,0,0.152574,0,0,2.44516,0,0
cDAP_894,0.467312,0,0.404015,0,0.0644262,0,0,2.60336,0,0
cDAP_895,0.467312,0,0.404015,0,0.0644262,0,0,2.54685,0,0
cDAP_896,0.291016,0,0.417972,0,0,0,0,2.52198,0,0
cDAP_897,0.512394,0,0.417972,0,0.0898552,0,0,2.49034,0,0
cDAP_898,0.457049,0,0.826393,0,0.0898552,0,0,2.71181,0,0
cDAP_899,0.457049,0,0.928498,0,0.31701,0,0,2.6169,0,0
cDAP_900,0.446787,0,0.868264,0,0.140713,0,0,2.75699,0,0
cDAP_901,0.623083,0,1.04456,0,0.0898552,0,0,3.0282,0,0
cDAP_902,0.623083,0,1.14667,0,0.00170708,0,0,3.0282,0,0.00643808
cDAP_903,0.534935,0.0656313,1.24877,0,0.115284,0,0,3.09825,0,0.00643808
cDAP_904,0.811657,0.280373,2.06561,0,0.115284,0,0,3.82594,0,0.00643808
cDAP_905,0.823935,0.0159281,2.00538,0,0,0,0,3.9728,0,0
cDAP_906,0.934624,0.0159281,2.20959,0,0,0,0,4.35247,0,0
cDAP_907,0.924362,0,2.54382,0,0.0152751,0,0,4.87223,0,0.0227096
cDAP_908,1.05759,0,2.25146,0,0.154281,0,0,4.97391,0,0
cDAP_909,1.3794,0,2.38148,0,0,0,0,5.49367,0,0
cDAP_910,1.49008,0,2.7899,0,0,0,0,6.15809,0,0.215277
cDAP_911,1.60077,0,3.30043,0,0.318717,0,0,6.56939,0,0.215277
cDAP_912,1.71146,0,3.50464,0,0.318717,0.219389,0,7.01234,0,0.215277
cDAP_913,2.04353,0.00466966,4.01516,0,0.659448,0.219389,0,7.48692,0,0.215277
cDAP_914,2.1993,0.257856,4.04308,0,0.710306,0.0430925,0,8.22815,0,0.267487
cDAP_915,2.58671,0.257856,4.24729,0,0.823884,0.0430925,0,8.79765,0,0.495993
cDAP_916,2.80809,0.257856,4.65571,0,0.823884,0.0430925,0,9.43043,0,0.495993
cDAP_917,2.74248,0.940524,4.68362,0.13047,0.761165,0,0,9.6338,0,0.319697
cDAP_918,3.25085,1.11682,4.96202,0.306767,0.937461,0.0430925,0,10.348,0,0.495993
cDAP_919,3.63826,1.11682,4.96202,0.306767,0.937461,0.386674,0,10.8542,0,0.724499
cDAP_920,3.92524,1.29312,5.03621,0.483063,1.11376,0.56297,0,11.2519,0,0.900796
cDAP_921,3.81455,2.15208,5.34253,0.483063,1.11376,0.56297,0,11.5367,0,0.900796
cDAP_922,3.39635,1.62319,5.22206,0,0.584868,0,0,11.5773,0,0.600413
cDAP_923,3.50704,1.83793,5.83469,0,0.584868,0,0,11.9253,0,0.600413
cDAP_924,3.59519,1.92608,6.12705,0.0423223,0.673016,0,0,12.4881,0,0.688561
cDAP_925,3.84937,2.14082,6.44732,0.0423223,0.673016,0,0,12.6463,0,0.688561
cDAP_926,3.90472,2.05267,6.95785,0,0.9256,0,0,12.7344,0,0.714666
cDAP_927,3.96006,2.14082,6.95785,0,1.01375,0,0,12.7728,0,0.802814
cDAP_928,3.87191,2.14082,7.046,0,0.900171,0,0,12.9943,0,0.802814
cDAP_929,3.9826,2.14082,7.25021,0,1.01375,0,0,13.5005,0,0.460055
cDAP_930,3.9826,2.14082,6.94389,0,1.01375,0,0,13.5321,0,0.460055
cDAP_931,3.75096,1.96453,6.97181,0,0.723874,0,0,13.609,0.0334339,0.283759
cDAP_932,3.72842,1.62319,6.67945,0,0.812023,0,0,13.7604,0.121582,0.371907
cDAP_933,3.72842,1.4469,7.08787,0,0.294995,0,0,13.6338,0.661616,0.195611
cDAP_934,3.84937,1.53504,7.48233,0,0.383143,0,0,13.6406,0.0334339,0.398012
cDAP_935,3.52958,1.23215,7.81656,0,0.294995,0,0,13.609,0,0.309864
cDAP_936,3.58493,1.23215,8.02077,0,0.383143,0,0,13.7355,0,0.309864
cDAP_937,3.55212,1.05586,8.13683,0,0.118698,0,0,14.0587,0,0
cDAP_938,3.01096,0.879562,8.36896,0,0,0,0,13.8259,0,0
cDAP_939,3.02122,0.714524,8.54525,0,0.206847,0,0,13.6541,0,0
cDAP_940,3.03148,0.890821,9.21812,0,0.49672,0,0,14.0835,0.0334339,0.169506
cDAP_941,2.92079,0.461338,9.32023,0,0.49672,0,0,14.1785,0.0334339,0.169506
cDAP_942,3.26312,0.852376,8.57757,0,0.673016,0,0,14.07,0,0.117296
cDAP_943,2.9864,0.208152,8.27126,0,0.673016,0,0,13.7536,0,0.117296
cDAP_944,3.09709,0.422894,8.28522,0,0.673016,0,0,13.374,0,0
cDAP_945,3.20778,0.334745,8.38732,0,0,0,0,13.0576,0,0
cDAP_946,3.20778,0.334745,8.28522,0,0,0,0,12.8361,0,0
cDAP_947,3.34101,0.334745,8.59153,0,0,0,0,12.6214,0,0
cDAP_948,3.35127,0.511042,8.76783,0,0.0797013,0,0,12.8926,0,0
cDAP_949,3.36154,0.472597,9.14833,0,0.255998,0,0,12.4994,0,0
cDAP_950,2.41042,0.296301,9.19021,0,0.0797013,0,0,12.3547,0,0
cDAP_951,2.26692,0.120004,9.30627,0,0,0,0,11.6655,0,0
cDAP_952,2.67486,0.0431145,9.55676,0,0,0,0,11.7966,0,0
cDAP_953,2.6646,0,9.2644,0,0,0,0,11.1457,0,0
cDAP_954,2.88598,0,9.17625,0,0,0,0,10.9875,0,0
cDAP_955,2.71994,0,9.07414,0,0,0,0,11.1773,0,0
cDAP_956,2.86343,0,8.95808,0,0,0,0,11.3288,0,0
cDAP_957,2.44322,0,8.24335,0,0,0,0,11.0824,0,0
cDAP_958,2.27719,0,7.93703,0,0,0,0,10.5762,0,0
cDAP_959,2.30999,0.0431145,7.82097,0,0.369575,0,0,10.5694,0,0
cDAP_960,2.11115,0,7.83492,0,0.167849,0,0,10.5762,0,0
cDAP_961,2.11115,0,7.63071,0,0.167849,0,0,10.5762,0,0
cDAP_962,1.94512,0,7.63071,0,0.167849,0,0,10.5446,0,0
cDAP_963,1.86723,0,7.3244,0,0.167849,0,0,10.4112,0,0
cDAP_964,1.9103,0.131263,7.29648,0.0646513,0.20514,0,0,9.72651,0,0
cDAP_965,1.86522,0.395707,6.86015,0.329096,0.469584,0,0,9.4915,0.110437,0
cDAP_966,1.57823,0.307559,6.26148,0,0.17971,0,0,8.61915,0.0222893,0
cDAP_967,1.50035,0.395707,5.72304,0,0.267859,0,0,8.58074,0.110437,0
cDAP_968,1.38966,0.395707,5.62093,0,0.267859,0,0,8.39091,0.110437,0
cDAP_969,1.22363,0.395707,5.41672,0,0.267859,0,0,7.85305,0.110437,0
cDAP_970,1.11294,0.395707,5.21251,0,0,0,0,7.31519,0.110437,0
cDAP_971,0.836214,0.395707,4.70198,0,0,0,0,7.03044,0.110437,0
cDAP_972,0.614835,0,4.49777,0,0,0,0,6.49258,0.110437,0
cDAP_973,0.791132,0,4.36775,0.00999665,0.103423,0,0,6.54232,0.286734,0
cDAP_974,0.680443,0,4.26565,0.00999665,0,0,0,5.97282,0.286734,0
cDAP_975,0.569754,0,4.16354,0,0,0,0,5.65643,0.0479571,0
cDAP_976,0.547213,0,3.84327,0,0,0,0,5.52311,0.136105,0
cDAP_977,0.381179,0,3.43485,0,0,0,0,5.17508,0,0
cDAP_978,0.27049,0,3.43485,0,0,0,0,4.76377,0,0
cDAP_979,0.391442,0,3.12853,0,0,0,0,4.47226,0.136105,0
cDAP_980,0.258212,0,2.52986,0,0.0525652,0,0,4.08582,0.0479571,0
cDAP_981,0,0,2.2375,0,0.0779942,0,0,3.95927,0.136105,0
cDAP_982,0.0142934,0,1.90327,0,0.254291,0,0,3.92763,0.312402,0
cDAP_983,0,0,1.48089,0,0.822177,0,0,3.54119,0.224253,0
cDAP_984,0,0,1.27668,0,0.822177,0,0,3.28808,0.312402,0
cDAP_985,0,0,1.26273,0,1.04933,0,0,2.8519,0.551178,0
cDAP_986,0,0,1.42507,0.0434901,1.42735,0,0,2.86324,0.815623,0
cDAP_987,0,0,1.32296,0,1.31378,0,0,2.89488,0.576846,0
cDAP_988,0,0,1.32296,0.208622,1.42735,0,0,2.91975,0.576846,0
cDAP_989,0,0,1.42507,0.373754,1.62908,0,0,2.97626,0.576846,0
cDAP_990,0,0,1.54113,0.461902,1.85623,0,0,3.01466,0.576846,0
cDAP_991,0,0.368521,1.55509,0.285606,1.67994,0,0,2.87001,0.488698,0
cDAP_992,0,0.368521,1.54113,0.285606,1.56636,0,0,2.93328,0.488698,0
cDAP_993,0,0.368521,1.43902,0.285606,1.67994,0,0,3.21803,0.249921,0
cDAP_994,0,0.368521,1.43902,0.285606,1.79351,0,0,3.40787,0.249921,0
cDAP_995,0,0.368521,1.84744,0.285606,1.90709,0,0,3.75589,0.727474,0
cDAP_996,0.0142934,0.368521,2.25587,0.285606,2.13424,0,0.33823,4.35703,0.488698,0
cDAP_997,0,0.192224,2.28378,0.274441,1.95795,0,0.422788,4.97171,0.551178,0
cDAP_998,0,0,2.1354,0.0869803,1.83251,0,0.0701955,5.25189,0.437362,0
cDAP_999,0.149539,0.0543729,1.84304,0.0869803,1.83251,0,0.0701955,5.94795,0.676139,0
cDAP_1000,0.249965,0,1.87095,0,1.88337,0,0,6.6259,0.172918,0
cDAP_1001,0.46108,0,1.69466,0,1.61892,0,0,6.89255,0,0
cDAP_1002,0.760343,0,1.69466,0.141635,1.7325,0,0,7.40554,0.235398,0
cDAP_1003,0.694736,0,1.72257,0,1.78336,0,0,8.21005,0.0591018,0
cDAP_1004,0.805425,0,2.13099,0,1.5562,0.210378,0,9.19085,0.0591018,0
cDAP_1005,0.752096,0,2.81341,0.185125,1.68335,0.285009,0,10.4586,0.0959142,0
cDAP_1006,0.137074,0,2.16405,0,1.19346,0,0,11.2042,0,0
cDAP_1007,0.071467,0,2.8046,0,1.24432,0,0,12.8314,0,0
cDAP_1008,0,0,2.68413,0,0.942582,0,0,13.8211,0,0
cDAP_1009,0,0,1.90475,0,0.515409,0,0,14.5849,0,0
cDAP_1010,0,0,1.65426,0,0.84428,0,0,15.6176,0,0
cDAP_1011,0.0364618,0,1.8122,0,0.693413,0,0,17.1634,0,0
cDAP_1012,0,0,2.30436,0,0.417107,0,0,17.4322,0,0
cDAP_1013,0,0,2.27204,0,0.0899438,0,0,18.1305,0,0
cDAP_1014,0.505789,0,2.46229,0,0.518824,0,0,19.8006,0,0
cDAP_1015,0.222835,0,1.52058,0,0,0,0,19.7236,0,0
cDAP_1016,0.413424,0,1.09379,0,0,0,0,20.8399,0,0
cDAP_1017,0.669621,0,1.55804,0,0,0,0,21.8795,0,0
cDAP_1018,0,0,0.60237,0,0,0,0,22.442,0,0
cDAP_1019,0.653126,0.523132,0.834495,0,0,0,0,23.8725,0,0
cDAP_1020,0.433764,0.297132,0.597965,0,0,0,0,24.381,0,0
cDAP_1021,0.468583,1.32113,0.245372,0,0,0,0,24.6928,0,0
cDAP_1022,0,0.830691,0.0367556,0,0,0,0,25,0,0
cDAP_1023,0,0.946025,0,0,0,0,0,25.5785,0,0
cDAP_1024,0,1.06136,0,0,0,0,0,25.9039,0,0
cDAP_1025,0,0.873805,0,0,0,0,0,26.4123,0,0
cDAP_1026,0.136329,1.12699,0,0,0,0,0,26.8439,0,0
cDAP_1027,0.00511479,1.38018,0,0,0,0,0,27.0541,0,0
cDAP_1028,0,0.851288,0,0,0,0,0,27.5376,0,0
cDAP_1029,0.40682,1.10447,0,0,0,0,0,27.1398,0,0
cDAP_1030,0.132113,0.663734,0,0,0,0,0,27.6166,0,0
cDAP_1031,1.35995,1.18136,0,0,0,0,0,28.4257,0,0
cDAP_1032,0.808525,0.349586,0,0,0,0,0,28.3646,0,0
cDAP_1033,0.755195,0.211734,0,0,0,0,0,27.9374,0,0
cDAP_1034,0.501014,0.641217,0,0,0,0,0,27.6775,0,0
cDAP_1035,0.513292,1.66522,0,0,0,0,0,26.9069,0,0
cDAP_1036,0.822818,1.62677,0,0,0,0,0,27.1849,0,0
cDAP_1037,0.923244,1.021,0,0,0,0,0,26.6922,0,0
cDAP_1038,1.58738,0.756551,0,0,0,0,0,26.5407,0,0
cDAP_1039,2.6677,1.33514,0,0,0,0,0,27.0109,0,0
cDAP_1040,1.87436,1.14759,0,0,0,0,0,26.9634,0,0
cDAP_1041,2.27204,1.19729,0,0,0,0,0,26.4188,0,0
cDAP_1042,2.5385,0.591514,0,0,0,0,0,25.5464,0,0
cDAP_1043,3.5675,0.76781,0,0,0,0,0,24.5521,0,0
cDAP_1044,3.51417,0,0,0,0,0,0,23.0672,0,0
cDAP_1045,3.49163,0.288624,0,0,0,0,0,22.7441,0,0
cDAP_1046,3.86878,0.112328,0,0,0,0,0,21.587,0,0
cDAP_1047,5.01874,0.932848,0,0,0,0,0,21.187,0,0
cDAP_1048,5.37335,1.18603,0,0,0,0,0,19.9666,0,0
cDAP_1049,6.37981,2.00655,0,0,0,0,0,19.77,0,0
cDAP_1050,6.39007,1.84152,0,0,0,0,0,20.3441,0,0
cDAP_1051,6.82055,1.54988,0,0,0,0,0,19.8492,0,0
cDAP_1052,6.06002,0,0,0,0,0,0,19.7135,0,0
cDAP_1053,6.71389,0.0241798,0,0,0,0,0,19.3158,0,0
cDAP_1054,7.36575,0.200476,0,0,0,0,0,19.5169,0,0
cDAP_1055,6.8266,0,0,0,0,0,0,18.3688,0,0
cDAP_1056,7.5666,0,0,0,0,0,0,19.1643,0,0
cDAP_1057,6.78151,0.403959,0,0,0,0,0,19.5575,0,0
cDAP_1058,6.15018,0.492107,0,0,0,0,0,19.9304,0,0
cDAP_1059,5.4778,0,0,0,0,0,0,20.3642,0,0
cDAP_1060,5.58648,0,0,0,0,0,0,21.4513,0,0
cDAP_1061,5.98415,0,0,0,0,0,0,22.8412,0,0
cDAP_1062,6.17272,0,0,0.205772,0,0,0,24.7463,0,0
cDAP_1063,6.81432,0,0,0.5472,0,0,0,27.6571,0,0
cDAP_1064,6.5376,0,0,0,0,0,0,31.795,0,0
cDAP_1065,6.66881,0,0,0,0,0,0,36.1725,0,0
cDAP_1066,6.46997,0,0,0,0,0,0,39.4313,0,0
cDAP_1067,7.64247,0,0,0,0,0,0,43.1195,0,0
cDAP_1068,8.00734,0,0,0,0,0,0,48.593,0,0
cDAP_1069,7.62194,0,0,0.128789,0,0,0,55.4292,0,0
cDAP_1070,8.4829,0,0,1.4945,0,0,0,61.7729,0,0
cDAP_1071,8.81497,0.0354382,0,1.25239,0,0,0,66.8351,0,0
cDAP_1072,8.88259,0.415217,0,1.3182,0,0,0,72.3606,0,0
cDAP_1073,10.4302,0.76781,0,2.33132,0,0,0,79.9834,0,0
cDAP_1074,9.89107,0,0.145485,2.68275,0,0,0,87.8907,0,0
cDAP_1075,10.4896,1.12507,0.888135,2.17619,0,0,0,96.4219,0,0
cDAP_1076,9.46261,0.645886,1.45449,2.24201,0,0,0,105.789,0,0
cDAP_1077,9.82949,0.634628,1.40821,1.9664,0,0,0,115.491,0,0
cDAP_1078,10.7929,0.243591,1.8585,1.45984,0,0,0,126.262,0,0
cDAP_1079,10.8257,0.673073,2.35507,1.12958,0,0,0,135.279,0,0
cDAP_1080,10.5633,0,1.9562,1.25005,0,0,0,147.665,0,0
cDAP_1081,11.2499,0.826852,2.05831,1.41518,0,0,0,161.245,0,0
cDAP_1082,11.9121,1.26759,2.71722,0.865132,0,0,0,176.595,0,0
cDAP_1083,13.0723,0.722776,3.34821,1.39402,0,0,0,192.588,0,0
cDAP_1084,13.2609,1.01441,3.7985,0.711164,0,0,0,208.276,0,0
cDAP_1085,13.3715,1.87337,4.92166,2.19735,0,0,0,224.114,0,0.141638
cDAP_1086,14.1792,2.65545,5.81269,2.38481,0,0,0,240.869,0,0.722737
cDAP_1087,14.6342,2.60574,6.64349,2.78089,0,0,0,259.626,0,0.915304
cDAP_1088,15.8292,3.21152,6.00295,2.95719,0,0.0783321,0,273.85,0,1.89137
cDAP_1089,14.9928,2.58323,4.24439,2.06454,0,0,0,291.143,0,1.0621
cDAP_1090,15.2716,3.46938,5.23312,1.28238,0,0,0,312.673,0,1.35909
cDAP_1091,15.5811,4.07516,6.73678,1.95407,0,0,0,331.295,0,3.9347
cDAP_1092,15.782,5.3139,6.99682,0,0,0,0,350.558,0,4.58428
cDAP_1093,15.8496,5.2642,7.33105,0,0,0,0,368.796,0,4.20558
cDAP_1094,15.5195,4.82346,7.83717,0,0,0,0,387.472,0,4.67886
cDAP_1095,16.2267,4.60871,8.93241,0,0,0,0,404.6,0,4.67886
cDAP_1096,16.0217,3.55094,7.91651,0,0,0,0,420.975,0,4.30661
cDAP_1097,14.0558,2.8842,7.42949,0,0,0,0,433.958,0,3.76788
cDAP_1098,14.4658,2.06368,7.5316,0,0,0,0,451.879,0,3.59159
cDAP_1099,13.7258,1.67264,7.86583,0,0,0,0,465.156,0,4.10081
cDAP_1100,14.2895,1.72234,8.55265,0,0,0,0,477.609,0,4.93652
cDAP_1101,13.7032,1.54605,8.78477,0,0,0,0,486.323,0,5.21723
cDAP_1102,13.0739,0.675824,9.35113,0,0,0,0,497.606,0,5.46201
cDAP_1103,12.7849,0.940268,9.62953,0,0,0,0,507.939,0,6.18347
cDAP_1104,12.6291,1.20471,10.2884,0,0,0,0,523.453,0,7.24768
cDAP_1105,13.0043,3.27523,11.5739,0,0,0,0,545.928,0,8.17154
cDAP_1106,12.6189,3.9082,11.0171,0,0,0,0,553.397,0,8.18781
cDAP_1107,12.0326,4.46427,12.5627,0,0,0,0,555.967,0,8.32817
cDAP_1108,10.6285,4.11168,13.0269,0,0,0,0,556.278,0,8.20409
cDAP_1109,11.2005,5.3345,13.5139,0,0,0,0,545.049,0,7.85489
cDAP_1110,10.8951,4.16797,13.3927,1.53449,0,0,0,504.918,0,6.63744
cDAP_1111,11.2785,5.2642,13.165,1.59031,0,0,0,464.415,0,6.6049
cDAP_1112,11.1761,4.07516,11.7399,0.798145,0,0,0,429.755,0,4.96298
cDAP_1113,11.2171,2.84767,11.9346,0.512539,0,0,0,394.968,0,4.29712
cDAP_1114,10.9815,2.35256,11.809,1.14074,0,0,0,369.628,0.719357,4.06218
cDAP_1115,10.7703,1.24041,10.9642,0.65651,0,0,0,344.335,0.4181,2.75319
cDAP_1116,11.9736,1.94559,10.4442,0.866299,0,0,0,320.267,0.645732,1.97308
cDAP_1117,11.3628,0.238921,10.4765,0.646513,0,0,0,303.844,1.32525,1.27129
cDAP_1118,12.2198,1.64929,10.8797,2.55228,0,0,0,285.354,2.40869,2.68166
cDAP_1119,11.322,2.25507,10.6337,1.40752,0,0,0,262.363,2.67314,2.05819
cDAP_1120,9.96291,3.01463,10.2069,0.878632,0,0,0,243.143,2.6218,1.30079
cDAP_1121,9.93011,2.79989,10.0027,2.36482,0,0,0,225.52,2.14425,0.958033
cDAP_1122,9.42999,2.5964,8.82369,2.31016,0,0,0,210.268,2.49684,0.48475
cDAP_1123,9.5284,2.7727,7.25024,2.81672,0,0,0,199.047,3.23884,0
cDAP_1124,9.00977,2.84959,6.9116,1.96874,0,0,0,187.09,2.88625,0
cDAP_1125,9.39719,3.19092,6.41503,2.54111,0,0,0,178.129,3.27565,0
cDAP_1126,8.9339,2.66204,5.88614,2.17736,0,0,0,169.747,2.74676,0
cDAP_1127,9.18607,4.82071,5.30583,2.94836,0,0,0,158.45,2.70995,0
cDAP_1128,8.4358,5.32708,4.54482,3.01418,0,0,0,148.138,2.35736,0
cDAP_1129,8.62236,5.72937,4.98556,4.53386,0,0,0,138.423,3.45195,0
cDAP_1130,8.73305,6.07071,5.07371,4.44571,0,0,0,128.425,3.3638,0
cDAP_1131,8.98522,6.72619,5.6026,4.88645,0,0,0,118.766,1.89433,0
cDAP_1132,8.43379,6.3736,4.85554,4.86412,0,0,0,108.904,1.54174,0
cDAP_1133,7.25304,5.58026,4.04825,5.39184,0,0,0,100.479,0.748403,0
cDAP_1134,8.15908,6.83027,3.10139,6.22867,0,0,0,92.1689,1.64103,0
cDAP_1135,8.5157,7.24849,2.87882,5.95306,0,0,0,82.8693,1.20029,0
cDAP_1136,8.60385,6.9456,1.60728,6.03004,0,0,0,76.042,0.873364,0
cDAP_1137,8.39475,5.98723,0.730202,5.66629,0,0,0,69.6645,0,0
cDAP_1138,7.60142,4.16989,0.0250164,3.98147,0,0,0,63.4926,0,0
cDAP_1139,6.33253,3.98234,0,3.6947,0,0,0,58.4348,0.54306,0
cDAP_1140,4.99803,2.83641,0,1.72312,0,0,0,54.0165,0,0
cDAP_1141,5.47157,4.22427,0,1.75661,0,0,0,49.9329,0,0
cDAP_1142,4.1904,3.56878,0,1.31587,0,0,0,46.9045,0,0
cDAP_1143,3.96902,2.70982,0,1.481,0,0,0,42.6966,0,0
cDAP_1144,4.35643,1.97745,0,1.06259,0,0,0,37.9259,0,0
cDAP_1145,3.61844,1.82834,0,0.929783,0,0,0,35.006,0,0
cDAP_1146,3.192,0,0,0.202269,0,0,0,30.9493,0,0
cDAP_1147,2.39866,0,0,1.22539,0,0,0,26.6124,0,0
cDAP_1148,2.06861,0,0,1.43401,0,0,0,23.6789,0,0
cDAP_1149,3.20831,0,0,1.28004,0,0,0,21.6089,0,0
cDAP_1150,3.56291,0,0,1.52216,0,0,0,18.68,0,0
cDAP_1151,3.10165,0,0,0.541361,0,0,0,16.2098,0,0
cDAP_1152,3.25742,0,0,0,0,0,0,13.8007,0,0
cDAP_1153,2.6752,0,0,0,0,0,0,11.3938,0,0
cDAP_1154,2.32462,0,0,0,0,0,0,9.61962,0,0
cDAP_1155,1.2914,0,0,0,0,0,0,6.51428,0,0
cDAP_1156,0,0,0,0,0,0,0,4.65877,0,0
cDAP_1157,0,0,0,0,0,0,0,1.47662,0,0
cDAP_1158,0,0,0,0,0,0,0,0,0,0
cDAP_1159,0,0,0,0,0,0,0,0.0640444,0,0
cDAP_1160,0,0,0,0,0,0,0,0,0,0
cDAP_1161,0,0,0,0,0,0,0,0,0,0
cDAP_1162,0,0,0,0,0,0,0,0,0,0
cDAP_1163,0,0,0,0,0,0,0,0,0,0
cDAP_1164,0,0,0,0,0,0,0,0,0,0
cDAP_1165,0,0,0,0,0,0,0,0,0,0
cDAP_1166,0,0,0,0,0,0,0,0,0,0
cDAP_1167,0,0,0,0,0,0,0,0,0,0
cDAP_1168,0,0,0,0,0,0,0,0,0,0
cDAP_1169,0,0,0,0,0,0,0,0,0,0
cDAP_1170,0,0,0,0,0,0,0,0,0,0
cDAP_1171,0,0,0,0,0,0,0,0,0,0
cDAP_1172,0,0,0,0,0,0,0,0,0,0
cDAP_1173,0,0,0,0,0,0,0,0,0,0
cDAP_1174,0,0,0,0,0,0,0,0,0,0
cDAP_1175,0,0,0,0,0,0,0,0,0,0
cDAP_1176,0,0,0,0,0,0,0,0,0,0
cDAP_1177,0,0,0,0,0,0,0,0,0,0
cDAP_1178,0,0,0,0,0,0,0,0,0,0
cDAP_1179,0,0,0,0,0,0,0,0,0,0
cDAP_1180,0,0,0,0,0,0,0,0,0,0
cDAP_1181,0,0,0,0,0,0,0,0,0,0
cDAP_1182,0,0,0,0,0,0,0,0,0,0
cDAP_1183,0,0,0,0,0,0,0,0,0,0
cDAP_1184,0,0,0,0,0,0,0,0,0,0
cDAP_1185,0,0,0,0,0,0,0,0,0,0
cDAP_1186,0,0,0,0,0,0,0,0,0,0
cDAP_1187,0,0,0,0,0,0,0,0,0,0
cDAP_1188,0,0,0,0,0,0,0,0,0,0
cDAP_1189,0,0,0,0,0,0,0,0,0,0
cDAP_1190,0,0,0,0,0,0,0,0,0,0
cDAP_1191,0,0,0,0,0,0,0,0,0,0
cDAP_1192,0,0,0,0,0,0,0,0,0,0
cDAP_1193,0,0,0,0,0,0,0,0,0,0
cDAP_1194,0,0,0,0,0,0,0,0,0,0
cDAP_1195,0,0,0,0,0,0,0,0,0,0
cDAP_1196,0,0,0,0,0,0,0,0,0,0
cDAP_1197,0,0,0,0,0,0,0,0,0,0
cDAP_1198,0,0,0,0,0,0,0,0,0,0
cDAP_1199,0,0,0,0,0,0,0,0,0,0
cDAP_1200,0,0,0,0,0,0,0,0,0,0
cDAP_1201,0,0,0,0,0,0,0,0,0,0
cDAP_1202,0,0,0,0,0,0,0,0,0,0
cDAP_1203,0,0,0,0,0,0,0,0,0,0
cDAP_1204,0,0,0,0,0,0,0,0,0,0
cDAP_1205,0,0,0,0.613159,0,0,0,0,0,0
cDAP_1206,0,0,0,0,0,0,0,0,0,0
cDAP_1207,0,0,0,0,0,0,0,0,0,0
cDAP_1208,0,0,0,0,0,0,0,0,0,0
cDAP_1209,0,0,0,0,0,0,0,0,0,0
cDAP_1210,0,0,0,0,0,0,0,0,0,0
cDAP_1211,0,0,0,0,0,0,0,0,0,0
cDAP_1212,0,0,0,0,0,0,0,0,0,0
cDAP_1213,0,0,0,0,0,0,0,0,0,0
cDAP_1214,0,0,0,0,0,0,0,0,0,0
cDAP_1215,0,0,0,0,0,0,0,0,0,0
cDAP_1216,0,0,0,0.0231228,0,0,0,0,0,0
cDAP_1217,0,0,0,0,0,0,0,0,0,0
cDAP_1218,0,0,0,0,0,0,0,0,0,0
cDAP_1219,0,0,0,0,0,0,0,0,0,0
cDAP_1220,0,0,0,0,0,0,0,0,0,0
cDAP_1221,0,0,0,0.00429731,0,0,0,0,0,0
cDAP_1222,0,0,0,1.03975,0,0,0,0,0,0
cDAP_1223,0,0,0,0,0,0,0,0,0,0
cDAP_1224,0,0,0,0,0,0,0,0,0,0
cDAP_1225,0,0,0,0,0,0,0,0,0,0
cDAP_1226,0,0,0,0,0,0,0,0,0,0
cDAP_1227,0,0,0,0,0,0,0,0,0,0
cDAP_1228,0,0,0,0,0,0,0,0,0,0
cDAP_1229,0,0,0,0,0,0,0,0,0,0
cDAP_1230,0,0,0,0,0,0,0,0,0,0
cDAP_1231,0,0,0,0,0,0,0,1.24365,0,0
cDAP_1232,0,0,0,0,0,0,0,1.47189,0,0
cDAP_1233,0,0,0,0,0,0,0,1.90587,0,0
cDAP_1234,0,0,0,0,0,0,0,1.63465,0,0
cDAP_1235,0,0,0,0,0,0,0,3.69134,0,0
cDAP_1236,0,0,0,0,0,0,0,5.41574,0,0
cDAP_1237,0,0,0,0,0,0,0,6.33562,0,0
cDAP_1238,0,0,0,0,0,0,0,6.91866,0,0
cDAP_1239,0,0,0,0,0,0,0,7.06788,0,0
cDAP_1240,0,0,0,0.395055,0,0,0,7.45888,0,0
cDAP_1241,0,0,0,0,0,0,0,7.48375,0,0
cDAP_1242,0,0,0,0,0,0,0,7.77307,0,0
cDAP_1243,0,0,0,0,0,0,0,8.41718,0,0
cDAP_1244,0,0,0,0,0,0,0,9.08616,0,0
cDAP_1245,0,0,0,0,0,0,0,9.20595,0,0
cDAP_1246,0,0,0,0,0,0,0,8.9212,0,0
cDAP_1247,0,0,0,0.363897,0,0,0,9.69423,0,0
cDAP_1248,0,0,0,0.39739,0,0,0,10.1282,0,0
cDAP_1249,0,0,0,0,0,0,0,10.7474,0,0
cDAP_1250,0,0,0,0.111785,0,0,0,11.5746,0,0
cDAP_1251,0,0,0,0.299246,0,0,0,11.3577,0,0
cDAP_1252,0,0,0,0,0,0,0,11.6244,0,0
cDAP_1253,0,0,0,0,0,0,0,11.8526,0,0
cDAP_1254,0,0,0,0,0,0,0,12.0492,0,0
cDAP_1255,0,0,0,0,0,0,0,11.778,0,0
cDAP_1256,0,0,0,0,0,0,0,11.2175,0,0
cDAP_1257,1.41877,0,0,0,0,0,0,12.438,0,0
cDAP_1258,1.40649,0,0,0,0,0,0,12.4561,0,0
cDAP_1259,0.701308,0,0,0,0,0,0,12.2888,0,0
cDAP_1260,0.356962,0,0,0,0,0,0,12.9012,0,0
cDAP_1261,0,0,0,0,0,0,0,11.7599,0,0
cDAP_1262,0,0,0,0,0,0,0,10.8875,0,0
cDAP_1263,0,0,0,0,0,0,0,11.2785,0,0
cDAP_1264,0,0,0,0.0348012,0,0,0,11.4413,0,0
cDAP_1265,0,0,0,0,0,0,0,10.0763,0,0
cDAP_1266,0,0,0,0,0,0,0,9.58357,0,0
cDAP_1267,0,0,0,0,0,0,0,9.89099,0,0
cDAP_1268,0,0,0,0,0,0,0,10.2052,0,0
cDAP_1269,0,0,0,0,0,0,0,9.69218,0,0
cDAP_1270,0,0,0,0,0,0,0,9.54752,0,0
cDAP_1271,0,0,0,0,0,0,0,9.66054,0,0
cDAP_1272,0,0,0,0,0,0,0,10.0607,0,0
cDAP_1273,0,0,0,0,0,0,0,8.73404,0,0
cDAP_1274,0,0,0,0,0,0,0,8.14865,0,0
cDAP_1275,0,0,0,0,0,0,0,9.24483,0,0
cDAP_1276,0,0,0,0,0,0,0,9.16802,0,0
cDAP_1277,0,0,0,0,0,0,0,9.38272,0,0
cDAP_1278,0,0,0,0,0,0,0,8.16454,0,0
cDAP_1279,0,0,0,0,0,0,0,9.41892,0,0
cDAP_1280,0,0,0,0,0,0,0,9.2494,0,0
cDAP_1281,0,0,0,0,0,0,0,8.66179,0,0
cDAP_1282,0,0,0,0,0,0,0,8.20075,0,0
cDAP_1283,0,0,0,0,0,0,0,7.29219,0,0
cDAP_1284,0,0,0,0,0,0,0,6.69105,0,0
cDAP_1285,0,0,0,0,0,0,0,5.9972,0,0
cDAP_1286,0,0,0,0,0,0,0,5.58133,0,0
cDAP_1287,0,0,0,0,0,0,0,4.73826,0,0
cDAP_1288,0,0,0,0,0,0,0,5.08408,0,0
cDAP_1289,0,0,0,0,0,0,0,4.82641,0,0
cDAP_1290,0,0,0,0,0,0,0,5.77117,0,0
cDAP_1291,0,0,0,0,0,0,0,6.48312,0,0
cDAP_1292,0,0,0,0,0,0,0,6.22088,0,0
cDAP_1293,0,0,0,0,0,0,0,7.55648,0,0
cDAP_1294,0,0,0,0,0,0,0,7.52484,0,0
cDAP_1295,0,0,0,0,0,0,0,5.99925,0,0
cDAP_1296,0,0,0,0,0,0,0,6.11447,0,0
cDAP_1297,0,0,0,0,0,0,0,5.98791,0,0
cDAP_1298,0,0,0,0,0,0,0,5.34144,0,0
cDAP_1299,0,0,0,0,0,0,0,4.43052,0,0
cDAP_1300,0,0,0,0,0,0,0,3.34788,0,0
cDAP_1301,0,0,0,0,0,0,0,2.51834,0,0
cDAP_1302,0,0,0,0,0,0,0,1.19155,0,0
cDAP_1303,0,0,0,0,0,0,0,0.346274,0,0
cDAP_1304,0,0,0,0,0,0,0,0,0,0
cDAP_1305,0,0,0,0,0,0,0,0,0,0
cDAP_1306,0,0,0,0,0,0,0,0,0,0
cDAP_1307,0,0,0,0,0,0,0,0,0,0
cDAP_1308,0,0,0,0,0,0,0,0.113469,0,0
cDAP_1309,0,0,0,0,0,0,0,0.802755,0,0
cDAP_1310,0,0,0,0,0,0,0,0.230894,0,0
cDAP_1311,0,0,0,0,0,0,0,0,0,0
cDAP_1312,0,0,0,0,0,0,0,0,0,0
cDAP_1313,0,0,0,0,0,0,0,0,0,0
cDAP_1314,1.7336,0,0,0,0,0,0,0,0,0
cDAP_1315,1.49371,0,0,0,0,0,0,0,0,0
cDAP_1316,1.97128,0,0,0,0,0,0,0,0,0
cDAP_1317,2.31563,0,0,0,0,0,0,0,0,0
cDAP_1318,1.46897,0,0,0,0,0,0,0,0,0
cDAP_1319,1.85638,0,0,0,0,0,0,0,0,0
cDAP_1320,2.99406,0,0,0,0,0,0,0,0,0
cDAP_1321,4.32434,0,0,0,0,0,0,0,0,0
cDAP_1322,4.72605,0,0,0,0,0,0,0,0,0
cDAP_1323,5.77961,0,0,0,0,0,0,0,0,0
cDAP_1324,7.68808,0,0,0,0,0,0,0,0,0
cDAP_1325,7.1612,0,0,0,0,0,0,0,0,0
cDAP_1326,7.70036,0,0,0,0,0,0,0,0,0
cDAP_1327,6.06256,0,0,0,0,0,0,0,0,0
cDAP_1328,6.44594,0,0,0,0,0,0,0,0,0
cDAP_1329,5.02751,0,0,0,0,0,0,0,0,0
cDAP_1330,4.99068,0,0,0,0,0,0,0,0,0
cDAP_1331,3.56601,0,0,0,0,0,0,0,0,0
cDAP_1332,4.21585,0,0,0,0,0,0,0,0,0
cDAP_1333,5.77375,0,0,0,0,0,0,0,0,0
cDAP_1334,5.43142,0,0,0,0,0,0,0,0,0
cDAP_1335,4.83289,0,0,0,0,0,0,0,0,0
cDAP_1336,5.78199,0,0,0,0,0,0,0,0,0
cDAP_1337,5.67131,0,0,0,0,0,0,0,0,0
cDAP_1338,5.67955,0,0,0.522022,0,0,0,0,0,0
cDAP_1339,6.88082,0,0,2.73572,0,0,0,0,0,0
cDAP_1340,6.93415,0,0,5.09223,0,0,0,0,0,0
cDAP_1341,4.73265,0,0,3.50673,0,0,0,0,0,0
cDAP_1342,3.39613,0,0,2.97784,0,0,0,0,0,0
cDAP_1343,4.01317,0,0,4.42053,0,0,0,0,0,0
cDAP_1344,2.88576,0,0,3.97979,0,0,0,0,0,0
cDAP_1345,3.30396,0,0,2.69223,0,0,0,0,0,0
cDAP_1346,2.76902,0,0,2.25266,0,0,0,0,0,0
cDAP_1347,2.71368,0,0,2.75922,0,0,0,0,0,0
cDAP_1348,1.65187,0,0,3.6507,0,0,0,0,0,0
cDAP_1349,0.778634,0,0,3.7935,0,0,0,0,0,0
cDAP_1350,0,0,0,3.7935,0,0,0,0,0,0
cDAP_1351,0.764341,0,0,4.49868,0,0,0,1.13977,0,0
cDAP_1352,0,0,0,3.98096,0,0,0,1.10356,0,0
cDAP_1353,0,0,0,4.33355,0,0,0,2.17708,0,0
cDAP_1354,0,0,0,4.39937,0,0,0,2.36235,0,0
cDAP_1355,0,0,0,3.9598,0,0,0,3.74328,0.306302,0
cDAP_1356,0,0,0,3.80466,0,0,0,3.03353,0.593035,0
cDAP_1357,0,0,0,3.09948,0,0,0,2.17015,3.08009,0
cDAP_1358,0,0,0,3.76001,0,0,0,3.21424,2.60254,0
cDAP_1359,0,0,0,3.41858,0,0,0,2.98143,2.96628,0
cDAP_1360,0,0,0,3.38508,0,0,0,3.46499,5.71778,0
cDAP_1361,0,0,0,2.12985,0,0,0,3.72486,4.25945,0
cDAP_1362,0,0,0,2.33847,0,0,0,2.96317,5.55263,0
cDAP_1363,0,0,0,3.16413,0,0,0,2.26035,5.37633,0
cDAP_1364,0,0,0,4.02212,0,0,0,2.18794,4.99807,0
cDAP_1365,0,0,0,4.72613,0,0,0,1.3562,4.85859,0
cDAP_1366,0,0,0,5.40899,0,0,0,1.52573,4.07978,0
cDAP_1367,0,0,0,6.36629,0,0,0,1.23641,4.44352,0
cDAP_1368,0,0,0,6.17882,0,0,0,1.60474,2.80889,0
cDAP_1369,0,0,0,6.17882,0,0,0,1.14826,2.80889,0
cDAP_1370,0,0,0,3.33692,0,0,0,0,2.95614,0
cDAP_1371,0,0,0,1.53047,0,0,0,0,1.48329,0
cDAP_1372,0,0,0,1.23136,0,0,0,0,0,0
cDAP_1373,0,0,0,1.61511,0,0,0,0,0,0
cDAP_1374,0,0,0,0.899933,0,0,0,0,0,0
